task_id,task_name,episode_index,episode_seed,training,initial_state_sha256,initial_xml_sha256,initial_observation_sha256,environment_metadata_sha256,task_horizon,task_description,task_suite,split,seed,H,condition,success,env_steps,policy_calls,actions_per_policy_call,episode_seconds,reset_seconds,policy_query_seconds,inference_fingerprint,prediction_horizon,flow_steps,renderer,control_frequency_hz,video,paired_catalog,config_sha256
0,CloseFridge,0,270000000,False,a2245f1b979b00d7e17f5f37fc9f7e8c0d1f93a4999570bca3919cb679ab1dc3,4ef97c0c9608147f80f70a0013d804e691f5442f0622a2b96220a14e83d59e70,3b2d1e314a4b763535eef3a81ca6ae96ec2e256de7ead6877b6c5e16b0d6fbfd,08cee4803f50689b55533313f172c5e84bbfdfefefc0fcb667bcc74573fb7691,900,Close the fridge door.,robocasa365_fixed10,pretrain,27,20,original_h20,True,699,35,19.97142857142857,24.20475561451167,8.445336836390197,2.5258858734741807,5d4257fdfdbe4507721cf729208510a99f69b275b92c03744dc4289b70fee5d2,50,10,egl,20,/home/enmingzz/project/vla/frequency_vla/results/robocasa365_fixed10_500_retry1/h20/videos/original_h20/CloseFridge/episode_000.mp4,/home/enmingzz/project/vla/frequency_vla/results/robocasa365_fixed10_500_retry1/paired_episodes,cf1e315128c91094b25706f0ee7f2aea696e29b6c609af861429819abed5f6a3
0,CloseFridge,1,270000001,False,fbec73baf281ef1bc10b483ab64c03fe477f1b32683107969ed591f74e05270b,760d627e16ae368fa7a5ffcc4bc935b9b200d06368968dbc240f2f3adc94a75e,2394ee7c8e6211714e4cf0f71c9d3445fc0c35bde7074fd99e28573c0b4583f1,29a476127b9fd3c96b6ec55bb5ee4bf8481912eb15cd2d52a8669d27550a5ac3,900,Close the fridge door.,robocasa365_fixed10,pretrain,27,20,original_h20,True,636,32,19.875,26.189445473253727,9.540174418129027,2.3156930124387145,5d4257fdfdbe4507721cf729208510a99f69b275b92c03744dc4289b70fee5d2,50,10,egl,20,/home/enmingzz/project/vla/frequency_vla/results/robocasa365_fixed10_500_retry1/h20/videos/original_h20/CloseFridge/episode_001.mp4,/home/enmingzz/project/vla/frequency_vla/results/robocasa365_fixed10_500_retry1/paired_episodes,cf1e315128c91094b25706f0ee7f2aea696e29b6c609af861429819abed5f6a3
0,CloseFridge,2,270000002,False,87c8a49aa1d3a9e137c8a44d7e9ad33ea65de87403e7e45d2714ba25b644f21f,b6d614fa1068fc152409d22eec0d783018c2547e62490b2b87b0f7f9ff811888,11548711d81b4c823983d05bc1a183a09161cb3d4b2d57663fecdb99eec6a0df,3bf99f0f25b4fe8e78d48a18bf8f3ea06f4f14e35041f3244d673fc477d04a07,900,Close the fridge door.,robocasa365_fixed10,pretrain,27,20,original_h20,True,499,25,19.96,19.2706116437912,7.910582301206887,1.951147384941578,5d4257fdfdbe4507721cf729208510a99f69b275b92c03744dc4289b70fee5d2,50,10,egl,20,/home/enmingzz/project/vla/frequency_vla/results/robocasa365_fixed10_500_retry1/h20/videos/original_h20/CloseFridge/episode_002.mp4,/home/enmingzz/project/vla/frequency_vla/results/robocasa365_fixed10_500_retry1/paired_episodes,cf1e315128c91094b25706f0ee7f2aea696e29b6c609af861429819abed5f6a3
0,CloseFridge,3,270000003,False,fce03b38fea4b77e3064178ef8c88dec89baf9f6f61ccd0c1b6ab3f808e27b45,b712275196619eb5922e64caa5810ca0668437bcd68200cb0c5804adc32bd1bb,35d5d70f6b4e9d3d712dd18e29220b85fdfc9fd62569dfe6fcdd1cd07b32c59a,417ac2968a48196d80c845a33981a0a93d2d6a7bb714dc4d6ec1b0f71ff30f93,900,Close the fridge door.,robocasa365_fixed10,pretrain,27,20,original_h20,True,691,35,19.742857142857144,26.23379593156278,10.938745081424713,2.60359650477767,5d4257fdfdbe4507721cf729208510a99f69b275b92c03744dc4289b70fee5d2,50,10,egl,20,/home/enmingzz/project/vla/frequency_vla/results/robocasa365_fixed10_500_retry1/h20/videos/original_h20/CloseFridge/episode_003.mp4,/home/enmingzz/project/vla/frequency_vla/results/robocasa365_fixed10_500_retry1/paired_episodes,cf1e315128c91094b25706f0ee7f2aea696e29b6c609af861429819abed5f6a3
0,CloseFridge,4,270000004,False,dc253a3a9db1a76fc8977d665315c2acd0803322a8b50244bd791cffd2569da0,b9ae109c3c3d4a0aef4f2a8847114254f8b441996d31880e9151b9c55c066d3f,5e627f7332b370d42e62556abab3b48f7e15da285a8d43127683636c92d1e453,42b90f71aebc6dff6f5f993aba74a3d8819c776bd0fb8072c9e0148ec638d76f,900,Close the fridge doors.,robocasa365_fixed10,pretrain,27,20,original_h20,True,491,25,19.64,19.28337170276791,10.865902286022902,2.2031130343675613,5d4257fdfdbe4507721cf729208510a99f69b275b92c03744dc4289b70fee5d2,50,10,egl,20,/home/enmingzz/project/vla/frequency_vla/results/robocasa365_fixed10_500_retry1/h20/videos/original_h20/CloseFridge/episode_004.mp4,/home/enmingzz/project/vla/frequency_vla/results/robocasa365_fixed10_500_retry1/paired_episodes,cf1e315128c91094b25706f0ee7f2aea696e29b6c609af861429819abed5f6a3
0,CloseFridge,5,270000005,False,e942422c7a72d10248f5365e1dfb6e56fbb5bddd57163b501e6d83edac4bc6ea,6d7020b55c56b89b4afe2e241636ddce25436ed1a8a147a5c9ef7d557c33111f,23a78af86a2874f6555dea5acca03e6a4e7fb00f836435b966d65f6df96ce921,4c93c4c6b26258b02869a79323331dd639b61907645258bb861841ef500bde24,900,Close the fridge doors.,robocasa365_fixed10,pretrain,27,20,original_h20,True,463,24,19.291666666666668,17.81195577979088,10.436460886150599,1.639017241075635,5d4257fdfdbe4507721cf729208510a99f69b275b92c03744dc4289b70fee5d2,50,10,egl,20,/home/enmingzz/project/vla/frequency_vla/results/robocasa365_fixed10_500_retry1/h20/videos/original_h20/CloseFridge/episode_005.mp4,/home/enmingzz/project/vla/frequency_vla/results/robocasa365_fixed10_500_retry1/paired_episodes,cf1e315128c91094b25706f0ee7f2aea696e29b6c609af861429819abed5f6a3
0,CloseFridge,6,270000006,False,e51f87c61810818ef13e9f487455f9569f8ef04b170665a0e595572b674cead2,a16dddcf0cb06b85bfecc88d582ed2439f29ac81134bf4e77c3d38e64427dc43,6de4970dbaef866236925202342ee084898d7aadf2c6052a76cd4fd8bc1ecf14,9ed88fdecf9d40b6d49ee80a57b740e6519baff7eb5b95343aa4400ff85bca0d,900,Close the fridge door.,robocasa365_fixed10,pretrain,27,20,original_h20,True,346,18,19.22222222222222,13.96332172024995,10.893166515044868,1.3663069494068623,5d4257fdfdbe4507721cf729208510a99f69b275b92c03744dc4289b70fee5d2,50,10,egl,20,/home/enmingzz/project/vla/frequency_vla/results/robocasa365_fixed10_500_retry1/h20/videos/original_h20/CloseFridge/episode_006.mp4,/home/enmingzz/project/vla/frequency_vla/results/robocasa365_fixed10_500_retry1/paired_episodes,cf1e315128c91094b25706f0ee7f2aea696e29b6c609af861429819abed5f6a3
0,CloseFridge,7,270000007,False,b79557cac510765eb8c9e076dc84eace4f0c96df869bff4d8f6f5f1c68771c23,6fc61f0d36bbb56c2b419f8d8c3e670c7d7c77cb29b42e7ea284c24225e8d5de,481e46624eb1a2e423fd93e085f54e217bae961981fe3dcf1f2681e161effc21,09fd20de77fa9d8fb69bb5f56928ac91b24b5063da34e24f1a7aa475b47a3fd3,900,Close the fridge doors.,robocasa365_fixed10,pretrain,27,20,original_h20,True,796,40,19.9,32.27952807582915,11.457539167255163,3.1937724966555834,5d4257fdfdbe4507721cf729208510a99f69b275b92c03744dc4289b70fee5d2,50,10,egl,20,/home/enmingzz/project/vla/frequency_vla/results/robocasa365_fixed10_500_retry1/h20/videos/original_h20/CloseFridge/episode_007.mp4,/home/enmingzz/project/vla/frequency_vla/results/robocasa365_fixed10_500_retry1/paired_episodes,cf1e315128c91094b25706f0ee7f2aea696e29b6c609af861429819abed5f6a3
0,CloseFridge,8,270000008,False,d491618d21f30ae8ca9ccf9645df192899a5022652fb50c3b53c288d0dae8637,796db870a6b30936fe599cb6fd8d365abe08f24f8c8711368e2d4739ba3c4ae0,cc4683ab409e6e9f4b24adfdf0413f7ebdaf9127fde2c869096c61677084f47a,6a6f6b19feaaa8e2571a1657e3fd583a3e98d57b4511ccf7b40f894eddc0e3e3,900,Close the fridge doors.,robocasa365_fixed10,pretrain,27,20,original_h20,True,771,39,19.76923076923077,28.950584354810417,9.937750619836152,3.1242870977148414,5d4257fdfdbe4507721cf729208510a99f69b275b92c03744dc4289b70fee5d2,50,10,egl,20,/home/enmingzz/project/vla/frequency_vla/results/robocasa365_fixed10_500_retry1/h20/videos/original_h20/CloseFridge/episode_008.mp4,/home/enmingzz/project/vla/frequency_vla/results/robocasa365_fixed10_500_retry1/paired_episodes,cf1e315128c91094b25706f0ee7f2aea696e29b6c609af861429819abed5f6a3
0,CloseFridge,9,270000009,False,9a5bb053988f0127232cec6ecc68b58d90df594c65d7598700eff0816c747b3e,35279478ce57b989a25315f5b2c81c74830788935217ea700c09680d45ba3358,44384a06acabd98080b39a358eddbf18a3d7e6990abcb728b84bf251271b4cad,4a2901cedae5594820d87cb6e2e3b74faac8d970d64a36a677b3757a6d7d0af2,900,Close the fridge doors.,robocasa365_fixed10,pretrain,27,20,original_h20,True,483,25,19.32,18.027399791404605,9.98030842654407,2.01404545083642,5d4257fdfdbe4507721cf729208510a99f69b275b92c03744dc4289b70fee5d2,50,10,egl,20,/home/enmingzz/project/vla/frequency_vla/results/robocasa365_fixed10_500_retry1/h20/videos/original_h20/CloseFridge/episode_009.mp4,/home/enmingzz/project/vla/frequency_vla/results/robocasa365_fixed10_500_retry1/paired_episodes,cf1e315128c91094b25706f0ee7f2aea696e29b6c609af861429819abed5f6a3
1,CoffeeSetupMug,0,270010000,False,cbbf2aa003a90a43e5d5564a4875d77b38f8db51c25c34d6ca5e80ef139e8ab3,c4e593fafefaa4cf3042c634aa92249a97df19d9c6a2521a3ca410231a5b6cbb,fc4e059860adacda35d5253e31469159f4643e6fcce4f8cbd0502b1cf01bf6db,085085125687f84f5949bb9000091487a69ce30cebfaf1aedad701a3621dc137,600,Pick the mug from the counter and place it under the coffee machine dispenser.,robocasa365_fixed10,pretrain,27,20,original_h20,True,379,19,19.94736842105263,16.152593774721026,9.662250685505569,1.5592334531247616,5d4257fdfdbe4507721cf729208510a99f69b275b92c03744dc4289b70fee5d2,50,10,egl,20,/home/enmingzz/project/vla/frequency_vla/results/robocasa365_fixed10_500_retry1/h20/videos/original_h20/CoffeeSetupMug/episode_000.mp4,/home/enmingzz/project/vla/frequency_vla/results/robocasa365_fixed10_500_retry1/paired_episodes,cf1e315128c91094b25706f0ee7f2aea696e29b6c609af861429819abed5f6a3
1,CoffeeSetupMug,1,270010001,False,2c55253ccc99235d99548c51fd766fda43e76c5dab9e7d67e9891f29c513d647,51ed3c04ab5cda319ddd74095bc461942ab02aedb775f87dc5e3fe00a990957c,c00b5ed772e5640002f9ef83bf9c5de3879aaf4dbecab9ec58bcc4df72ed32f9,dfd7d99f738d392dc89a866feae0c1a7f0a47f059608f6db0e37a40aab7591a3,600,Pick the mug from the counter and place it under the coffee machine dispenser.,robocasa365_fixed10,pretrain,27,20,original_h20,False,600,30,20.0,24.77655305247754,9.651769890449941,2.229849422350526,5d4257fdfdbe4507721cf729208510a99f69b275b92c03744dc4289b70fee5d2,50,10,egl,20,/home/enmingzz/project/vla/frequency_vla/results/robocasa365_fixed10_500_retry1/h20/videos/original_h20/CoffeeSetupMug/episode_001.mp4,/home/enmingzz/project/vla/frequency_vla/results/robocasa365_fixed10_500_retry1/paired_episodes,cf1e315128c91094b25706f0ee7f2aea696e29b6c609af861429819abed5f6a3
1,CoffeeSetupMug,2,270010002,False,8d01005056d0e78334d631061ef63f1c7904777cf9e2960c588a7aa878a3df83,914cae3d1fa4f663facd9075c85964324a9223d3a27b22f7fde8a9a87763b67e,7686f352106479dcadbe55f1771fb0c1b00af9fbe144097cd093cc5354eb987c,7baf17da8bf6f14c81311989ae2253246c793bffb96702de4bad16206e4a02cc,600,Pick the mug from the counter and place it under the coffee machine dispenser.,robocasa365_fixed10,pretrain,27,20,original_h20,False,600,30,20.0,19.030935193412006,8.266063000075519,2.1285059144720435,5d4257fdfdbe4507721cf729208510a99f69b275b92c03744dc4289b70fee5d2,50,10,egl,20,/home/enmingzz/project/vla/frequency_vla/results/robocasa365_fixed10_500_retry1/h20/videos/original_h20/CoffeeSetupMug/episode_002.mp4,/home/enmingzz/project/vla/frequency_vla/results/robocasa365_fixed10_500_retry1/paired_episodes,cf1e315128c91094b25706f0ee7f2aea696e29b6c609af861429819abed5f6a3
1,CoffeeSetupMug,3,270010003,False,982f5414a106925d5f21f7f6d75775c7cbb1a819321623ed0f61889d29369cec,7853374e71f5157bce77508b6dfe7a1de6844290333ff6edd4c7d6a470c56cd7,7aefd754622563e11aa9e85dace42871b9081f375669f6c42b758935f29a45dc,d55ec3196b527a14bd485d21f626f63a8e31f6fc86e81d2b1df4d054f229f2d5,600,Pick the mug from the counter and place it under the coffee machine dispenser.,robocasa365_fixed10,pretrain,27,20,original_h20,False,600,30,20.0,24.220129059627652,12.23597570322454,2.177679910324514,5d4257fdfdbe4507721cf729208510a99f69b275b92c03744dc4289b70fee5d2,50,10,egl,20,/home/enmingzz/project/vla/frequency_vla/results/robocasa365_fixed10_500_retry1/h20/videos/original_h20/CoffeeSetupMug/episode_003.mp4,/home/enmingzz/project/vla/frequency_vla/results/robocasa365_fixed10_500_retry1/paired_episodes,cf1e315128c91094b25706f0ee7f2aea696e29b6c609af861429819abed5f6a3
1,CoffeeSetupMug,4,270010004,False,79a9bed1b9d01a0131b34a92445cf8cd5f2d26e067e610051ad7c4de6d332161,a8399ba95bb778e6da28b0ce87789bdeb55a43111bb6968f6e67ed584034b477,bd4ebd11acb0202833153d097b7281a2026ec1a7ced06cf29a407476c2292516,92d7989edfaf4ae5c18cd20f68f9f7b4fb66be29adc8a790b8c25e32cb698e36,600,Pick the mug from the counter and place it under the coffee machine dispenser.,robocasa365_fixed10,pretrain,27,20,original_h20,False,600,30,20.0,17.544134293682873,8.033576486632228,2.1474742563441396,5d4257fdfdbe4507721cf729208510a99f69b275b92c03744dc4289b70fee5d2,50,10,egl,20,/home/enmingzz/project/vla/frequency_vla/results/robocasa365_fixed10_500_retry1/h20/videos/original_h20/CoffeeSetupMug/episode_004.mp4,/home/enmingzz/project/vla/frequency_vla/results/robocasa365_fixed10_500_retry1/paired_episodes,cf1e315128c91094b25706f0ee7f2aea696e29b6c609af861429819abed5f6a3
1,CoffeeSetupMug,5,270010005,False,6ba26345c97eb155d63c220cbaa6875200a1ea3a09e2fa40d6a0cc430695e09d,98b72b35e1c2dfa72464762ca89d2e26d8119bfc9d9e20d0557959a9957e59bc,7c0dc53e1d4622b91c67ff354af65f86ac3e275e9e56afd1be1eb69a9caf95fb,5c5c4b425a32dde8f6d04fd906825e4a19cd4e2def43efcbd9e81b1a1164b131,600,Pick the mug from the counter and place it under the coffee machine dispenser.,robocasa365_fixed10,pretrain,27,20,original_h20,False,600,30,20.0,27.303418616764247,18.771515306085348,2.202585579827428,5d4257fdfdbe4507721cf729208510a99f69b275b92c03744dc4289b70fee5d2,50,10,egl,20,/home/enmingzz/project/vla/frequency_vla/results/robocasa365_fixed10_500_retry1/h20/videos/original_h20/CoffeeSetupMug/episode_005.mp4,/home/enmingzz/project/vla/frequency_vla/results/robocasa365_fixed10_500_retry1/paired_episodes,cf1e315128c91094b25706f0ee7f2aea696e29b6c609af861429819abed5f6a3
1,CoffeeSetupMug,6,270010006,False,5543666bb99789564c91b4a374806431c9a3560c4c670734f8260fb041fc2f84,4d3124e07af77cea657393c64ac641a8b2e8112fa6588d087386f0f28c2de593,2b1136eb0ba659b34b261ff6f5ab34dfdcc9239bf6119d387fca98063cb6a852,3ba2398e11614be4eb1709a02055269f1e12283e4d129ea10edac84551fafa47,600,Pick the mug from the counter and place it under the coffee machine dispenser.,robocasa365_fixed10,pretrain,27,20,original_h20,True,338,17,19.88235294117647,10.007544766180217,8.360569450072944,1.1923047816380858,5d4257fdfdbe4507721cf729208510a99f69b275b92c03744dc4289b70fee5d2,50,10,egl,20,/home/enmingzz/project/vla/frequency_vla/results/robocasa365_fixed10_500_retry1/h20/videos/original_h20/CoffeeSetupMug/episode_006.mp4,/home/enmingzz/project/vla/frequency_vla/results/robocasa365_fixed10_500_retry1/paired_episodes,cf1e315128c91094b25706f0ee7f2aea696e29b6c609af861429819abed5f6a3
1,CoffeeSetupMug,7,270010007,False,73c7c9ec4a377650249965a6d319c80c204c39df31d5ea290f5fbb4aad99a0d6,9a271475b136eee9f2d1ee1211bcb764f3095029553176138d2bfd8b1ad6f19c,39e7f4663eaed6217f1e8f9f2d0f37ccfae80d6b73bfaf3f3cab90260b2bd0fb,67722a89182f713e988174439699a2dcc71a1f4ec52d1311eb330760c1a71bfe,600,Pick the mug from the counter and place it under the coffee machine dispenser.,robocasa365_fixed10,pretrain,27,20,original_h20,False,600,30,20.0,20.964558334089816,21.86042647343129,2.138962358236313,5d4257fdfdbe4507721cf729208510a99f69b275b92c03744dc4289b70fee5d2,50,10,egl,20,/home/enmingzz/project/vla/frequency_vla/results/robocasa365_fixed10_500_retry1/h20/videos/original_h20/CoffeeSetupMug/episode_007.mp4,/home/enmingzz/project/vla/frequency_vla/results/robocasa365_fixed10_500_retry1/paired_episodes,cf1e315128c91094b25706f0ee7f2aea696e29b6c609af861429819abed5f6a3
1,CoffeeSetupMug,8,270010008,False,88c41e394f2f57895f4b228a183e7f7426b9ad6cb6f4252f8b887d9e3f2b109f,be5c5db87616bec7e20fd6bf0aa35d4deb090a8d548667e96712e442275c5536,668e3bddbabb9c673f1508d659ea8780a2263ca7255153173ffcdc6f78c6d910,98bf32cfb145eddbbcbbf51a542933efcd41f436e746743cd55d7147d3ae0eb9,600,Pick the mug from the counter and place it under the coffee machine dispenser.,robocasa365_fixed10,pretrain,27,20,original_h20,False,600,30,20.0,22.694434142671525,10.850818461738527,2.3717793663963675,5d4257fdfdbe4507721cf729208510a99f69b275b92c03744dc4289b70fee5d2,50,10,egl,20,/home/enmingzz/project/vla/frequency_vla/results/robocasa365_fixed10_500_retry1/h20/videos/original_h20/CoffeeSetupMug/episode_008.mp4,/home/enmingzz/project/vla/frequency_vla/results/robocasa365_fixed10_500_retry1/paired_episodes,cf1e315128c91094b25706f0ee7f2aea696e29b6c609af861429819abed5f6a3
1,CoffeeSetupMug,9,270010009,False,f4cfae21125821c1f1008b8ae5a23385a052b2b8dca91459fb2970b0538002c9,08d23d1d53ad6d4dc25f9709773dca065ce48c47a754e4366e04e94578763694,3cd89d505536efcfc7a95621bcb7f30b345891291a52a35bde7c46a9b4344ee3,4cc067e22dddd26c5eb432a3a0b6bb96f7ac331995e612e41221159066e1f800,600,Pick the mug from the counter and place it under the coffee machine dispenser.,robocasa365_fixed10,pretrain,27,20,original_h20,False,600,30,20.0,23.09575009252876,10.818663788959384,2.1719753202050924,5d4257fdfdbe4507721cf729208510a99f69b275b92c03744dc4289b70fee5d2,50,10,egl,20,/home/enmingzz/project/vla/frequency_vla/results/robocasa365_fixed10_500_retry1/h20/videos/original_h20/CoffeeSetupMug/episode_009.mp4,/home/enmingzz/project/vla/frequency_vla/results/robocasa365_fixed10_500_retry1/paired_episodes,cf1e315128c91094b25706f0ee7f2aea696e29b6c609af861429819abed5f6a3
2,OpenCabinet,0,270020000,False,953740de9fa75ebfea861fea286718e482689c7ae62f30d3173f43a1926565e9,44798401d3a8db44dd08c406e05079221c9a9f210fb503af7f92502ea52fe3b2,f94c25d4ea3b4c60f9e6668fffbc4cbb312922a8e14dd94bd893b080cfa78ee6,606192dd905ae4cc7e3f5fa42632fd0f3ecfa50d9f608d116d8d42c24e6aa6ce,1050,Open the cabinet doors.,robocasa365_fixed10,pretrain,27,20,original_h20,True,486,25,19.44,20.23993153963238,9.526148034259677,1.9368319492787123,5d4257fdfdbe4507721cf729208510a99f69b275b92c03744dc4289b70fee5d2,50,10,egl,20,/home/enmingzz/project/vla/frequency_vla/results/robocasa365_fixed10_500_retry1/h20/videos/original_h20/OpenCabinet/episode_000.mp4,/home/enmingzz/project/vla/frequency_vla/results/robocasa365_fixed10_500_retry1/paired_episodes,cf1e315128c91094b25706f0ee7f2aea696e29b6c609af861429819abed5f6a3
2,OpenCabinet,1,270020001,False,3d819096f3fbbeb421f08a701a2381a5bbcb52a7c666f33dbb59400ff6323d0f,af5eee1928c9d240adb995079ccaadc5190c93fc1062c6f974f7a62cb9673e28,e421d1051375b0abd5efcf036b597f7319c0bc4e74950ece87cbc63b530dac44,7cb9f6fdb1599b12dce9e763a8feae79d2310a4a623265cc5f522bfa0fc36d77,1050,Open the cabinet door.,robocasa365_fixed10,pretrain,27,20,original_h20,False,1050,53,19.81132075471698,35.40251733828336,7.151773574762046,3.822563724592328,5d4257fdfdbe4507721cf729208510a99f69b275b92c03744dc4289b70fee5d2,50,10,egl,20,/home/enmingzz/project/vla/frequency_vla/results/robocasa365_fixed10_500_retry1/h20/videos/original_h20/OpenCabinet/episode_001.mp4,/home/enmingzz/project/vla/frequency_vla/results/robocasa365_fixed10_500_retry1/paired_episodes,cf1e315128c91094b25706f0ee7f2aea696e29b6c609af861429819abed5f6a3
2,OpenCabinet,2,270020002,False,f243aab9131d1bbf8a3121a66570a37f373bbe56b034e15a6db0661a77f1d846,5848fcc7e91f0825d659b20fe62238cac7ba21f5b0642708e4e32712acb6a24f,a2e27ff32d25e1d6ff05b266bbe675e6001802b5a6cc27f47b9a17ec37dc8cfa,72e8a0d9a8464361e3b4111a7408412258fad6291be3f8ac59d6feb279746e76,1050,Open the cabinet doors.,robocasa365_fixed10,pretrain,27,20,original_h20,False,1050,53,19.81132075471698,51.854817509651184,14.142706430517137,3.975693702697754,5d4257fdfdbe4507721cf729208510a99f69b275b92c03744dc4289b70fee5d2,50,10,egl,20,/home/enmingzz/project/vla/frequency_vla/results/robocasa365_fixed10_500_retry1/h20/videos/original_h20/OpenCabinet/episode_002.mp4,/home/enmingzz/project/vla/frequency_vla/results/robocasa365_fixed10_500_retry1/paired_episodes,cf1e315128c91094b25706f0ee7f2aea696e29b6c609af861429819abed5f6a3
2,OpenCabinet,3,270020003,False,ffc0ca109e1ed99f6683f28bab256182e2d631fe0ad40f2809591f9afc7d2ad7,bcad33ed701b0731f8b0e982c066a58bcc5b7c0266cb551ec9132b158df517ca,9d37e7ec9c345aaa72f9cec7e5983f72dfc794ea65b3a249ab57fdab99b6a469,361c96e00c6b05f577137d17e70bc6593b19f536237e65e76329705ad5d88a9a,1050,Open the cabinet doors.,robocasa365_fixed10,pretrain,27,20,original_h20,True,453,23,19.695652173913043,19.846303584054112,12.214737763628364,1.684544119052589,5d4257fdfdbe4507721cf729208510a99f69b275b92c03744dc4289b70fee5d2,50,10,egl,20,/home/enmingzz/project/vla/frequency_vla/results/robocasa365_fixed10_500_retry1/h20/videos/original_h20/OpenCabinet/episode_003.mp4,/home/enmingzz/project/vla/frequency_vla/results/robocasa365_fixed10_500_retry1/paired_episodes,cf1e315128c91094b25706f0ee7f2aea696e29b6c609af861429819abed5f6a3
2,OpenCabinet,4,270020004,False,ae53d09586ac68aba424e1e8ffb1eec24474a6f5823c9a1ec5b05bf424a7cf45,9c13d127edd30203da270f22c4eea5753c76083c8c3cd48d2aac924795d3b176,d6d3b9a51f47fc62a517ebcb19bfc16d4dc817a23e57f9e7cb09cc25d854ba2f,b9b9651a3416bfac18badff7d761dbd96c8f999de1c464a1168f30a516f0926c,1050,Open the cabinet doors.,robocasa365_fixed10,pretrain,27,20,original_h20,False,1050,53,19.81132075471698,46.79895532038063,14.1152623007074,3.819702483713627,5d4257fdfdbe4507721cf729208510a99f69b275b92c03744dc4289b70fee5d2,50,10,egl,20,/home/enmingzz/project/vla/frequency_vla/results/robocasa365_fixed10_500_retry1/h20/videos/original_h20/OpenCabinet/episode_004.mp4,/home/enmingzz/project/vla/frequency_vla/results/robocasa365_fixed10_500_retry1/paired_episodes,cf1e315128c91094b25706f0ee7f2aea696e29b6c609af861429819abed5f6a3
2,OpenCabinet,5,270020005,False,4e6517a24604d186c0bd1a12c77a8f657b0c59b3cab918c06bdac1c9bcb23502,334a9d8309a4857e0870fd4e0f1b98e08995ac5aa9608996a8b8f5e143485dcb,e5e75d3041a5b4917953a6779eff51d668ece9578ca58beb06aa109a2fb656d9,ca398ee3f400990060c4c86534ebefc84eec6a7c7697cd50113e0a340878ef5e,1050,Open the cabinet doors.,robocasa365_fixed10,pretrain,27,20,original_h20,True,387,20,19.35,13.643003106117249,8.700780446641147,1.9319657096639276,5d4257fdfdbe4507721cf729208510a99f69b275b92c03744dc4289b70fee5d2,50,10,egl,20,/home/enmingzz/project/vla/frequency_vla/results/robocasa365_fixed10_500_retry1/h20/videos/original_h20/OpenCabinet/episode_005.mp4,/home/enmingzz/project/vla/frequency_vla/results/robocasa365_fixed10_500_retry1/paired_episodes,cf1e315128c91094b25706f0ee7f2aea696e29b6c609af861429819abed5f6a3
2,OpenCabinet,6,270020006,False,9b5121eab9a94fbdfe21efa5a58b5dd41110ada419e59a78a3c7bd1c90ec46c0,b9457c611e54303213e2122fd0e700a2ea60a234e5212237aab871b6e206a059,bc6516b92f4dc9eee3c8242649a8503ec976663d354112837158264909f752c0,e40213275731666f3ca0dcc5ae30c158f69e5dc90b5a83ffa64e9b7e06705cad,1050,Open the cabinet door.,robocasa365_fixed10,pretrain,27,20,original_h20,False,1050,53,19.81132075471698,39.81224277522415,9.649526981636882,3.72620059736073,5d4257fdfdbe4507721cf729208510a99f69b275b92c03744dc4289b70fee5d2,50,10,egl,20,/home/enmingzz/project/vla/frequency_vla/results/robocasa365_fixed10_500_retry1/h20/videos/original_h20/OpenCabinet/episode_006.mp4,/home/enmingzz/project/vla/frequency_vla/results/robocasa365_fixed10_500_retry1/paired_episodes,cf1e315128c91094b25706f0ee7f2aea696e29b6c609af861429819abed5f6a3
2,OpenCabinet,7,270020007,False,6ca2a0c44738665dceafa919b241c062c0e864acfdd92e8ea75f86b8423caa38,68dfbea6f56222aff9804a137fd12314447936c57b977a596b7fdd45b117b137,fac547ea3b39efdc0c76f6cb86163541d297f3fc99febe34aa598ce7d2c4ec2e,a88db4259da02c128834e0d032cae099911dde89022fd709cf1dcdd85470da5e,1050,Open the cabinet door.,robocasa365_fixed10,pretrain,27,20,original_h20,True,252,13,19.384615384615383,7.803823133930564,8.725331149064004,1.024049011990428,5d4257fdfdbe4507721cf729208510a99f69b275b92c03744dc4289b70fee5d2,50,10,egl,20,/home/enmingzz/project/vla/frequency_vla/results/robocasa365_fixed10_500_retry1/h20/videos/original_h20/OpenCabinet/episode_007.mp4,/home/enmingzz/project/vla/frequency_vla/results/robocasa365_fixed10_500_retry1/paired_episodes,cf1e315128c91094b25706f0ee7f2aea696e29b6c609af861429819abed5f6a3
2,OpenCabinet,8,270020008,False,c9b18fd0ffcfe730108a6abe9ef3db01b61b4769318a77bb43916d6a3cefc266,76329df7f480e5cf01ffaf5da5a45ca0c8ed5f852aeff1812124633e83bd0322,a3eb9b646af96ea9afa15c3bf5b44982cbef13c1ca4c75101ecddc1bb0d3fe25,e1f8eb0eaa49c76dd01a74b63859c3b8ec530b12eef8eaa937cf43dccfc6de31,1050,Open the cabinet doors.,robocasa365_fixed10,pretrain,27,20,original_h20,False,1050,53,19.81132075471698,40.79270662087947,10.936696015298367,3.7564235040917993,5d4257fdfdbe4507721cf729208510a99f69b275b92c03744dc4289b70fee5d2,50,10,egl,20,/home/enmingzz/project/vla/frequency_vla/results/robocasa365_fixed10_500_retry1/h20/videos/original_h20/OpenCabinet/episode_008.mp4,/home/enmingzz/project/vla/frequency_vla/results/robocasa365_fixed10_500_retry1/paired_episodes,cf1e315128c91094b25706f0ee7f2aea696e29b6c609af861429819abed5f6a3
2,OpenCabinet,9,270020009,False,bbc4003bbbbecaa9bcc811fad224c887bec978dc7fb77a7463525acc4c05edd2,669ccb993d5572e95537c048a0efd0b19c9fc23005bfdb315033f7e731d5b1e4,16f9e3c13d5a5334f2a430611936903cfaddb9fba2cf08271eaa422071ea4b95,b95aaa7cc8f95e9801d64d5d4b287caafc1f205ba04e5345bca4034db68fac19,1050,Open the cabinet doors.,robocasa365_fixed10,pretrain,27,20,original_h20,False,1050,53,19.81132075471698,47.16720619332045,10.573078494518995,3.638753562234342,5d4257fdfdbe4507721cf729208510a99f69b275b92c03744dc4289b70fee5d2,50,10,egl,20,/home/enmingzz/project/vla/frequency_vla/results/robocasa365_fixed10_500_retry1/h20/videos/original_h20/OpenCabinet/episode_009.mp4,/home/enmingzz/project/vla/frequency_vla/results/robocasa365_fixed10_500_retry1/paired_episodes,cf1e315128c91094b25706f0ee7f2aea696e29b6c609af861429819abed5f6a3
3,OpenDrawer,0,270030000,False,a5858522c70e0a3b8a0a85d5f0b48c0b13b57a1e60e1d027e0a130cbb7baa603,32570e85ee07a016dac0fec3b1774175258a2a873a5716ee4ba486b4589d6a70,77f8a369da01d67dd73b9c7af76fb71f51d07b887d3239330476adfdb2e101c3,c3d63ae14483d1fb181bcaf8138c88c936d97d881b1a64d0c67e115aaae0b758,750,Open the right drawer.,robocasa365_fixed10,pretrain,27,20,original_h20,True,201,11,18.272727272727273,11.991546318866313,12.440308269113302,0.9560349564999342,5d4257fdfdbe4507721cf729208510a99f69b275b92c03744dc4289b70fee5d2,50,10,egl,20,/home/enmingzz/project/vla/frequency_vla/results/robocasa365_fixed10_500_retry1/h20/videos/original_h20/OpenDrawer/episode_000.mp4,/home/enmingzz/project/vla/frequency_vla/results/robocasa365_fixed10_500_retry1/paired_episodes,cf1e315128c91094b25706f0ee7f2aea696e29b6c609af861429819abed5f6a3
3,OpenDrawer,1,270030001,False,23b394c74faf9cc3f454d7bf8544dc002eca5ea4d6c3563357484a7ccf03233b,7588791075d02f0f4fe19ec5c476c20debd9fec0c8baf5a931da59a18e69e392,175645fc4f9f2b33345bf3893cbb405b8a739092221073575b8d8cec0080639d,6397a92375753016044f9f9c6184f747b1c23dd1cfa4411c8eb9fb2e813ad21f,750,Open the right drawer.,robocasa365_fixed10,pretrain,27,20,original_h20,True,256,13,19.692307692307693,13.017356629483402,12.177445123903453,0.8988504968583584,5d4257fdfdbe4507721cf729208510a99f69b275b92c03744dc4289b70fee5d2,50,10,egl,20,/home/enmingzz/project/vla/frequency_vla/results/robocasa365_fixed10_500_retry1/h20/videos/original_h20/OpenDrawer/episode_001.mp4,/home/enmingzz/project/vla/frequency_vla/results/robocasa365_fixed10_500_retry1/paired_episodes,cf1e315128c91094b25706f0ee7f2aea696e29b6c609af861429819abed5f6a3
3,OpenDrawer,2,270030002,False,f7b0ef3c04c74c4ac351f452523b18f9ac0c2aecbb08169be1a715170bb89b6f,f28621935b68f2c6f2c20fcaf1f878e762293fc2b8ffa10a993424e92fc3a4a2,2c543fd98dcf60e3063ab29b815967906956e1e5f3f5abf68905d9cc5154cc25,0d2861ff7605c2e435c3b364239ea8d7f799900cb233a404c55e8cf93f9bc397,750,Open the right drawer.,robocasa365_fixed10,pretrain,27,20,original_h20,False,750,38,19.736842105263158,28.401488721370697,25.740928484126925,2.7480376455932856,5d4257fdfdbe4507721cf729208510a99f69b275b92c03744dc4289b70fee5d2,50,10,egl,20,/home/enmingzz/project/vla/frequency_vla/results/robocasa365_fixed10_500_retry1/h20/videos/original_h20/OpenDrawer/episode_002.mp4,/home/enmingzz/project/vla/frequency_vla/results/robocasa365_fixed10_500_retry1/paired_episodes,cf1e315128c91094b25706f0ee7f2aea696e29b6c609af861429819abed5f6a3
3,OpenDrawer,3,270030003,False,85b27f2d47a64bebff90da93b5a61d651038d2f31f2f0046168506704b317d79,8ff2e0f4b5e131cbe7bc8169b1fca9bfe4009500875b214218401c2d0cd41253,54b28da21378b6dff07892178107df288ba5699087c40231e7bff71eed3a238f,e7ebe2c7d9ab04713256e3a5bb815c4f61b95bb17e904f15eb578e184194358d,750,Open the left drawer.,robocasa365_fixed10,pretrain,27,20,original_h20,True,250,13,19.23076923076923,10.9934491943568,12.877249923534691,1.0639576138928533,5d4257fdfdbe4507721cf729208510a99f69b275b92c03744dc4289b70fee5d2,50,10,egl,20,/home/enmingzz/project/vla/frequency_vla/results/robocasa365_fixed10_500_retry1/h20/videos/original_h20/OpenDrawer/episode_003.mp4,/home/enmingzz/project/vla/frequency_vla/results/robocasa365_fixed10_500_retry1/paired_episodes,cf1e315128c91094b25706f0ee7f2aea696e29b6c609af861429819abed5f6a3
3,OpenDrawer,4,270030004,False,9b6f8c6d77c0ef6a09c3e1dbe5f6b851a0ef9083196ac2d1d71052132d991e1e,cbe1ee7ecec388c88f4d555b6c79ff7e23eac0453a31cc0a56dc4de59414d498,20624f4d1f9b9bc5845977b6d93fe0a0e6f003547d132c35cb8d3aea26d7a72d,94e43a655c9695ad03e490e51a5cb8778bf9d6a1cdb4a82aedc14555cda2b23b,750,Open the left drawer.,robocasa365_fixed10,pretrain,27,20,original_h20,False,750,38,19.736842105263158,29.168886854313314,9.644850518554449,2.6858853632584214,5d4257fdfdbe4507721cf729208510a99f69b275b92c03744dc4289b70fee5d2,50,10,egl,20,/home/enmingzz/project/vla/frequency_vla/results/robocasa365_fixed10_500_retry1/h20/videos/original_h20/OpenDrawer/episode_004.mp4,/home/enmingzz/project/vla/frequency_vla/results/robocasa365_fixed10_500_retry1/paired_episodes,cf1e315128c91094b25706f0ee7f2aea696e29b6c609af861429819abed5f6a3
3,OpenDrawer,5,270030005,False,261461951360577bea256f8eeb2011e06c00c4e534e27e15983b1ce7f15519d2,a8c75d2b2b41bca4f092f514cfb339c8787fed974940204a8222a659e4f564e5,3af4251b485a32db37f7bc38b83ce70b6f4da79af260fad1161cfb8c180cbfe2,fcdb927dd7a1d9e089622fb2b4d78996c1e36224850a7f93c7cecd2c6e4af39d,750,Open the right drawer.,robocasa365_fixed10,pretrain,27,20,original_h20,False,750,38,19.736842105263158,28.982947521843016,10.048082928173244,2.6538345962762833,5d4257fdfdbe4507721cf729208510a99f69b275b92c03744dc4289b70fee5d2,50,10,egl,20,/home/enmingzz/project/vla/frequency_vla/results/robocasa365_fixed10_500_retry1/h20/videos/original_h20/OpenDrawer/episode_005.mp4,/home/enmingzz/project/vla/frequency_vla/results/robocasa365_fixed10_500_retry1/paired_episodes,cf1e315128c91094b25706f0ee7f2aea696e29b6c609af861429819abed5f6a3
3,OpenDrawer,6,270030006,False,e6802b9c02392f8352825c0258d337b42f0a2a5bca43898c00772667b83b9872,6bb51932e721445d49edf46fd4041abc5293cb6912168ec4c69431d540cb7f4d,706ee92f5c8193d4856a4500a4ad58a9052aa3e94841dda6f9aebe1ce1fd70a5,fa72602401d42068569723df4c8c1c02bef513ea24c3fb927fc7655554c19b29,750,Open the right drawer.,robocasa365_fixed10,pretrain,27,20,original_h20,True,220,11,20.0,7.753271987661719,9.754869152791798,0.7427521524950862,5d4257fdfdbe4507721cf729208510a99f69b275b92c03744dc4289b70fee5d2,50,10,egl,20,/home/enmingzz/project/vla/frequency_vla/results/robocasa365_fixed10_500_retry1/h20/videos/original_h20/OpenDrawer/episode_006.mp4,/home/enmingzz/project/vla/frequency_vla/results/robocasa365_fixed10_500_retry1/paired_episodes,cf1e315128c91094b25706f0ee7f2aea696e29b6c609af861429819abed5f6a3
3,OpenDrawer,7,270030007,False,85e3d530af839a6a00fdd51df891a2311e0af7578dc49699d0639a00700ea581,163607f6b46a4cb1ce4b853107c8ec82fdbe0160fe30fc3119fd8a526625a4fb,dd0ccdaa92f5b2a969d6c90d685480f202d490bfad8ef27d4dccb0408254b4d2,5149966034347cbf1e5dcfe60beb94161e8480b4bcb59de54473929abf25c216,750,Open the right drawer.,robocasa365_fixed10,pretrain,27,20,original_h20,True,214,11,19.454545454545453,9.349680982530117,12.139406689442694,0.8354959292337298,5d4257fdfdbe4507721cf729208510a99f69b275b92c03744dc4289b70fee5d2,50,10,egl,20,/home/enmingzz/project/vla/frequency_vla/results/robocasa365_fixed10_500_retry1/h20/videos/original_h20/OpenDrawer/episode_007.mp4,/home/enmingzz/project/vla/frequency_vla/results/robocasa365_fixed10_500_retry1/paired_episodes,cf1e315128c91094b25706f0ee7f2aea696e29b6c609af861429819abed5f6a3
3,OpenDrawer,8,270030008,False,3e2d7064cbea27cc8e53cb81a2b7fb12a8e49db452384f3099ebebd659356aea,37b751001759e0942df95d685162cf3670571e802374e0d9155c66be3dd479fb,1d4789008615ecadfd569de2195c38d8d5af1edfd62c10a0eb75e8c89301a203,ec1ff524ff4886a4dff54f3d00d4daed5b782ed5cfa7d5f0801c62201c0d5d19,750,Open the right drawer.,robocasa365_fixed10,pretrain,27,20,original_h20,True,214,11,19.454545454545453,7.54311697371304,11.09003989212215,0.7074270667508245,5d4257fdfdbe4507721cf729208510a99f69b275b92c03744dc4289b70fee5d2,50,10,egl,20,/home/enmingzz/project/vla/frequency_vla/results/robocasa365_fixed10_500_retry1/h20/videos/original_h20/OpenDrawer/episode_008.mp4,/home/enmingzz/project/vla/frequency_vla/results/robocasa365_fixed10_500_retry1/paired_episodes,cf1e315128c91094b25706f0ee7f2aea696e29b6c609af861429819abed5f6a3
3,OpenDrawer,9,270030009,False,46538f3532402f9093a2c21e514f8da8290ea1fc85f491b5a4e0d03e35773282,3fc95fdc1987ff4916476d3d1bbef94bd6bcca8b7cdd0257bc0502eb8330a5ed,d057af7c1f51990244d09aef27ab2b664465dd2a154869b5ed725022dd78b43a,4f8e69f4d249588297fdccd085776a9dfcb73990b35b3b720b5ebed56528d258,750,Open the left drawer.,robocasa365_fixed10,pretrain,27,20,original_h20,True,221,12,18.416666666666668,11.106796013191342,14.001748817972839,1.068350243382156,5d4257fdfdbe4507721cf729208510a99f69b275b92c03744dc4289b70fee5d2,50,10,egl,20,/home/enmingzz/project/vla/frequency_vla/results/robocasa365_fixed10_500_retry1/h20/videos/original_h20/OpenDrawer/episode_009.mp4,/home/enmingzz/project/vla/frequency_vla/results/robocasa365_fixed10_500_retry1/paired_episodes,cf1e315128c91094b25706f0ee7f2aea696e29b6c609af861429819abed5f6a3
4,PickPlaceCounterToCabinet,0,270040000,False,3221ff2b15a380ce53576a40b3e745c61e798613e6769a59081cf2ab4e36c162,ecd32a956c7e9681adcdb4b1342f774fa2e8836c836cb77d770a31c291c5adb9,1bc80bcb7bd607392151bb9faf3c3d5b075fc3d3838282bdbf4f7181d66b837d,a59270193fefe00b41f4154e8d90a09258f49d21ce32371c7a855ae275286eec,750,Pick the paprika from the counter and place it in the cabinet.,robocasa365_fixed10,pretrain,27,20,original_h20,True,569,29,19.620689655172413,25.872972465120256,11.919209488667548,2.2441214295104146,5d4257fdfdbe4507721cf729208510a99f69b275b92c03744dc4289b70fee5d2,50,10,egl,20,/home/enmingzz/project/vla/frequency_vla/results/robocasa365_fixed10_500_retry1/h20/videos/original_h20/PickPlaceCounterToCabinet/episode_000.mp4,/home/enmingzz/project/vla/frequency_vla/results/robocasa365_fixed10_500_retry1/paired_episodes,cf1e315128c91094b25706f0ee7f2aea696e29b6c609af861429819abed5f6a3
4,PickPlaceCounterToCabinet,1,270040001,False,deb6dd93facc51e071555f161a7c81b49f9f58e59b8b33601ce3ddbd9851e4f8,ad115d89c6b414d3de300f8da58be5c8a2e40c2241966f846028b431be2cb14e,efcf330a7010ec9ac241ff3072b790b844ef02b37e272ee240678659a4cca836,7141ddc055345393262f1561602f987a5fdb02280ae27ce425c9241f7e9f58f5,750,Pick the measuring cup from the counter and place it in the cabinet.,robocasa365_fixed10,pretrain,27,20,original_h20,True,442,23,19.217391304347824,16.693063626997173,10.584911131300032,1.9428739035502076,5d4257fdfdbe4507721cf729208510a99f69b275b92c03744dc4289b70fee5d2,50,10,egl,20,/home/enmingzz/project/vla/frequency_vla/results/robocasa365_fixed10_500_retry1/h20/videos/original_h20/PickPlaceCounterToCabinet/episode_001.mp4,/home/enmingzz/project/vla/frequency_vla/results/robocasa365_fixed10_500_retry1/paired_episodes,cf1e315128c91094b25706f0ee7f2aea696e29b6c609af861429819abed5f6a3
4,PickPlaceCounterToCabinet,2,270040002,False,131f482313cd7af09fa38d0c7e140bdc72ab061a7eb0a623ecf1d37b260756a7,f84a64b8c65bda8ba9edec520259e446d0f25e69838dc9bfea81dbd18e449ae2,9828ab49e5a29529a20598bbe271ea876f3502c31849a33663c8297188c61871,f18e7c05cc25aeff581057111826fb67e606521e7c8041b510db2d9fb5779fa2,750,Pick the glass cup from the counter and place it in the cabinet.,robocasa365_fixed10,pretrain,27,20,original_h20,True,328,17,19.294117647058822,10.588647407479584,14.433509102091193,1.3403895078226924,5d4257fdfdbe4507721cf729208510a99f69b275b92c03744dc4289b70fee5d2,50,10,egl,20,/home/enmingzz/project/vla/frequency_vla/results/robocasa365_fixed10_500_retry1/h20/videos/original_h20/PickPlaceCounterToCabinet/episode_002.mp4,/home/enmingzz/project/vla/frequency_vla/results/robocasa365_fixed10_500_retry1/paired_episodes,cf1e315128c91094b25706f0ee7f2aea696e29b6c609af861429819abed5f6a3
4,PickPlaceCounterToCabinet,3,270040003,False,ed2f0c072619d5c133775db8f1cf8dca982087083b2d3f5c57ddf79ae8631aba,e040da54d0d11f17d2ee29bb90c1d9733a6e334ad37e80076fb49ecb5d5f8b45,3328291a78b4b2a0f55de22f1b49b231eaab6788d411f4aeeb5d83cca7057c65,d8684b48c3bd47ce70e078b4eeb1aac8df7b58a0de973f423eeae2b8fb6e8f29,750,Pick the mushroom from the counter and place it in the cabinet.,robocasa365_fixed10,pretrain,27,20,original_h20,True,228,12,19.0,8.741811205632985,9.32581087294966,0.8779831994324923,5d4257fdfdbe4507721cf729208510a99f69b275b92c03744dc4289b70fee5d2,50,10,egl,20,/home/enmingzz/project/vla/frequency_vla/results/robocasa365_fixed10_500_retry1/h20/videos/original_h20/PickPlaceCounterToCabinet/episode_003.mp4,/home/enmingzz/project/vla/frequency_vla/results/robocasa365_fixed10_500_retry1/paired_episodes,cf1e315128c91094b25706f0ee7f2aea696e29b6c609af861429819abed5f6a3
4,PickPlaceCounterToCabinet,4,270040004,False,634b9b9e18496a955218b7e0b907d544e21f1f8c626e618df772660cb08cc35a,233966f0fc194ea1f90253987b7cd7c47d92a86e669a208785f1994f52756ac5,72dfb47c9f9f4d7d5bf1689cab3caa3754871853fa89c127133e87e72869264e,46af3bb4e10bd32cbed8baa5c43068672ea5305b53c88d3b0b719397514c1069,750,Pick the bar from the counter and place it in the cabinet.,robocasa365_fixed10,pretrain,27,20,original_h20,True,248,13,19.076923076923077,12.13997295126319,11.792223890312016,1.0401658294722438,5d4257fdfdbe4507721cf729208510a99f69b275b92c03744dc4289b70fee5d2,50,10,egl,20,/home/enmingzz/project/vla/frequency_vla/results/robocasa365_fixed10_500_retry1/h20/videos/original_h20/PickPlaceCounterToCabinet/episode_004.mp4,/home/enmingzz/project/vla/frequency_vla/results/robocasa365_fixed10_500_retry1/paired_episodes,cf1e315128c91094b25706f0ee7f2aea696e29b6c609af861429819abed5f6a3
4,PickPlaceCounterToCabinet,5,270040005,False,da37712e6880946824a185a2dc9cedde6d9966974537ca67a3fc82e2d570fb1c,9e60e4219c42ac2b2f630c557afeba8b25c1cc3c103073457e1bdc79c3eaa63d,a71d2f6df37a9a5f6f5bdb109dd3e6093e9e1fcc8798ed13a02d7b39b0fe1d35,2fbead2e242a4bd95365a220051fd69b53f361e3000b9c0af04858964a65d40a,750,Pick the mug from the counter and place it in the cabinet.,robocasa365_fixed10,pretrain,27,20,original_h20,False,750,38,19.736842105263158,30.593121589161456,11.392156168818474,2.7550361417233944,5d4257fdfdbe4507721cf729208510a99f69b275b92c03744dc4289b70fee5d2,50,10,egl,20,/home/enmingzz/project/vla/frequency_vla/results/robocasa365_fixed10_500_retry1/h20/videos/original_h20/PickPlaceCounterToCabinet/episode_005.mp4,/home/enmingzz/project/vla/frequency_vla/results/robocasa365_fixed10_500_retry1/paired_episodes,cf1e315128c91094b25706f0ee7f2aea696e29b6c609af861429819abed5f6a3
4,PickPlaceCounterToCabinet,6,270040006,False,cd599bfb86a34d0b75704c491f08d76579a3cf91486f54a4222279b5dd02a2af,d8b2dd64ac5f622deba6294d71321eb24a15d077227297e72dcbd6e46d94d8b1,87b95062238082a382cc080a0d90f34a9567f380f5a76422bfba8b6c1eb7c3c0,128626034ed6279aab7c6572ccf0ce7808c68d173c68c80dc89a3551bfdd2520,750,Pick the boxed food from the counter and place it in the cabinet.,robocasa365_fixed10,pretrain,27,20,original_h20,False,750,38,19.736842105263158,36.87837523315102,19.369282267987728,3.123390169814229,5d4257fdfdbe4507721cf729208510a99f69b275b92c03744dc4289b70fee5d2,50,10,egl,20,/home/enmingzz/project/vla/frequency_vla/results/robocasa365_fixed10_500_retry1/h20/videos/original_h20/PickPlaceCounterToCabinet/episode_006.mp4,/home/enmingzz/project/vla/frequency_vla/results/robocasa365_fixed10_500_retry1/paired_episodes,cf1e315128c91094b25706f0ee7f2aea696e29b6c609af861429819abed5f6a3
4,PickPlaceCounterToCabinet,7,270040007,False,5db7a29465e3ac1d73ed0c49368390934ecc85c086d17c11b4bc6fac6f90239d,9fc7a1b4d2ecd6d36e30deb1e12374ec36769f4d3ae0ea69368b7d3845f961c5,0477bbc6dca995a21140491830456a7422c440b00c87c82fa0c2d69bc3a75984,b0e3a7c9f4451dc0df80bb49d49e2adf75c0a8530a990e841e04f6b80352f8a8,750,Pick the lemon from the counter and place it in the cabinet.,robocasa365_fixed10,pretrain,27,20,original_h20,True,192,10,19.2,10.556263042613864,23.0087872678414,0.7396928835660219,5d4257fdfdbe4507721cf729208510a99f69b275b92c03744dc4289b70fee5d2,50,10,egl,20,/home/enmingzz/project/vla/frequency_vla/results/robocasa365_fixed10_500_retry1/h20/videos/original_h20/PickPlaceCounterToCabinet/episode_007.mp4,/home/enmingzz/project/vla/frequency_vla/results/robocasa365_fixed10_500_retry1/paired_episodes,cf1e315128c91094b25706f0ee7f2aea696e29b6c609af861429819abed5f6a3
4,PickPlaceCounterToCabinet,8,270040008,False,1a468f331faf67054e4dbb4286f443100210b576cdf9524e5ab89922b99beec5,51073121bdbf274886b87ba2fe30fab85c7a41453ba18eef742fb68f0d4b436f,536b14df08063efbfada60f4cdb7d1bb7b7883362851736d5f801bfc60813f1c,532d8dfe2f06774cfd766e18404bacb89d6b9bd7028467fdb2d9a13eb16d09a1,750,Pick the tongs from the counter and place it in the cabinet.,robocasa365_fixed10,pretrain,27,20,original_h20,False,750,38,19.736842105263158,28.03584860265255,12.074006566777825,2.764123289845884,5d4257fdfdbe4507721cf729208510a99f69b275b92c03744dc4289b70fee5d2,50,10,egl,20,/home/enmingzz/project/vla/frequency_vla/results/robocasa365_fixed10_500_retry1/h20/videos/original_h20/PickPlaceCounterToCabinet/episode_008.mp4,/home/enmingzz/project/vla/frequency_vla/results/robocasa365_fixed10_500_retry1/paired_episodes,cf1e315128c91094b25706f0ee7f2aea696e29b6c609af861429819abed5f6a3
4,PickPlaceCounterToCabinet,9,270040009,False,f459042a4a24c316d68c8fdf0b022fdb7478aa874e0737933720cc48c956244c,e7cd9ec6009c92664747c45d7f75436052c009bff32de06a812277422b326aaf,9dafd3f422251691047b4372c8513afc345322fe8491f168ba873fe85ae7bb8d,4d032555a18989289b429c1c1be76276568cabfb9c01a9e358f1754a328e29f7,750,Pick the avocado from the counter and place it in the cabinet.,robocasa365_fixed10,pretrain,27,20,original_h20,True,196,10,19.6,8.54238165076822,17.607267821207643,0.7096023224294186,5d4257fdfdbe4507721cf729208510a99f69b275b92c03744dc4289b70fee5d2,50,10,egl,20,/home/enmingzz/project/vla/frequency_vla/results/robocasa365_fixed10_500_retry1/h20/videos/original_h20/PickPlaceCounterToCabinet/episode_009.mp4,/home/enmingzz/project/vla/frequency_vla/results/robocasa365_fixed10_500_retry1/paired_episodes,cf1e315128c91094b25706f0ee7f2aea696e29b6c609af861429819abed5f6a3
5,PickPlaceCounterToStove,0,270050000,False,53d2ee112b35c635b1a6d8036bf69a85285d1f6fb13830df9995510528901a29,cffbbdaa84169f577f70915b276d4042381cd982f7306f8de339704fa5cfb1a8,182db784f91703efb6b8cf561369ba49b2540b18abab8a4112acacf1ed954af1,e34300259278c5c87a3eb4c0af4db76f7a782d14732b4ec69092c75843e1a951,600,Pick the cheese from the plate and place it in the pan.,robocasa365_fixed10,pretrain,27,20,original_h20,True,274,14,19.571428571428573,10.121744464151561,9.546922479756176,0.9492185777053237,5d4257fdfdbe4507721cf729208510a99f69b275b92c03744dc4289b70fee5d2,50,10,egl,20,/home/enmingzz/project/vla/frequency_vla/results/robocasa365_fixed10_500_retry1/h20/videos/original_h20/PickPlaceCounterToStove/episode_000.mp4,/home/enmingzz/project/vla/frequency_vla/results/robocasa365_fixed10_500_retry1/paired_episodes,cf1e315128c91094b25706f0ee7f2aea696e29b6c609af861429819abed5f6a3
5,PickPlaceCounterToStove,1,270050001,False,dc6dc56d27a01b55dfe8bbc5e83724a2f8e3245b703bf15eebeea8b7a1f63cf5,5f16cdcbe63e84576403b8c5ce7ea36178e8fe4169bd84636af76833a6bda96d,c3cf6b6fab3441ae4209e38c9a2d34f37c1f26e163438e2aa86b34f9331c7166,d4cb911efd816451379513c7d739d777696e81f03c5ffab27e81afa38f68d89c,600,Pick the hotdog bun from the plate and place it in the pan.,robocasa365_fixed10,pretrain,27,20,original_h20,False,600,30,20.0,23.776690566912293,12.13729923311621,2.0577702606096864,5d4257fdfdbe4507721cf729208510a99f69b275b92c03744dc4289b70fee5d2,50,10,egl,20,/home/enmingzz/project/vla/frequency_vla/results/robocasa365_fixed10_500_retry1/h20/videos/original_h20/PickPlaceCounterToStove/episode_001.mp4,/home/enmingzz/project/vla/frequency_vla/results/robocasa365_fixed10_500_retry1/paired_episodes,cf1e315128c91094b25706f0ee7f2aea696e29b6c609af861429819abed5f6a3
5,PickPlaceCounterToStove,2,270050002,False,fb237e4eb3487d41425cebd014cc0c4f98c7c30b425ee90c4f598ec5fc982751,4b2dd46504842286cb4963db68926c9e18aa8f5ff168aab19888af7117fc4312,ed95575f3235e8e776eac8ffef3ff5eea4822d0380b409301a35acb8175f34c1,0c7c20257bfea62321c9e80b24e278151b05036ad64684f110406f6ae17deb07,600,Pick the lime from the plate and place it in the pan.,robocasa365_fixed10,pretrain,27,20,original_h20,True,328,17,19.294117647058822,12.478987742215395,13.205286900512874,1.3036892162635922,5d4257fdfdbe4507721cf729208510a99f69b275b92c03744dc4289b70fee5d2,50,10,egl,20,/home/enmingzz/project/vla/frequency_vla/results/robocasa365_fixed10_500_retry1/h20/videos/original_h20/PickPlaceCounterToStove/episode_002.mp4,/home/enmingzz/project/vla/frequency_vla/results/robocasa365_fixed10_500_retry1/paired_episodes,cf1e315128c91094b25706f0ee7f2aea696e29b6c609af861429819abed5f6a3
5,PickPlaceCounterToStove,3,270050003,False,0afab49e4a42ecfc172cc5f16d8d62c57490bc89d9a7ea2a1b49841a4985e4f1,4df232e6f3eaa39bf26b73da8408f8ca7a4c74eed7d641caf9786b447c878fbd,f278b2bd0d7fc48df413f9e8e53c4e11cb3d3acd86eafcd9f92be4deed88e826,bf743cdf05bf4d686bb1b06403b4b6eb52cff6857c13aea54dadc7de7be61b61,600,Pick the mango from the plate and place it in the pan.,robocasa365_fixed10,pretrain,27,20,original_h20,True,210,11,19.09090909090909,7.639506754465401,22.291128294542432,0.7793254116550088,5d4257fdfdbe4507721cf729208510a99f69b275b92c03744dc4289b70fee5d2,50,10,egl,20,/home/enmingzz/project/vla/frequency_vla/results/robocasa365_fixed10_500_retry1/h20/videos/original_h20/PickPlaceCounterToStove/episode_003.mp4,/home/enmingzz/project/vla/frequency_vla/results/robocasa365_fixed10_500_retry1/paired_episodes,cf1e315128c91094b25706f0ee7f2aea696e29b6c609af861429819abed5f6a3
5,PickPlaceCounterToStove,4,270050004,False,cb384dd2acdf8b1ba3b3db0f34da0f66c4b4b5c495bdc7ef76c5246093ace241,f0822a733b485d078a3a9b352738becc6bdd8a1128ddcb0016a0dee310bc927e,ffb2b3106fd1adfff58b365afc58a1895b125a10c0bcd8113213e4601d9fe126,dbd270ef787d9a4bb6758f17ce32ec3ac81b0871d0eb59f38c68bc8b03f7125b,600,Pick the bell pepper from the plate and place it in the pan.,robocasa365_fixed10,pretrain,27,20,original_h20,False,600,30,20.0,22.993588464334607,8.855316163040698,2.7986989952623844,5d4257fdfdbe4507721cf729208510a99f69b275b92c03744dc4289b70fee5d2,50,10,egl,20,/home/enmingzz/project/vla/frequency_vla/results/robocasa365_fixed10_500_retry1/h20/videos/original_h20/PickPlaceCounterToStove/episode_004.mp4,/home/enmingzz/project/vla/frequency_vla/results/robocasa365_fixed10_500_retry1/paired_episodes,cf1e315128c91094b25706f0ee7f2aea696e29b6c609af861429819abed5f6a3
5,PickPlaceCounterToStove,5,270050005,False,f3a151a818a255e3955c5f408c6ba483737bac83ae0813e5527a3ea59a21ac40,d0aae44684fcf0519cfd83d9ca6640eab0bdc7a6d4bbb8ec383341dfe9976a22,9a76ec7cc10ef27278f05adff5bfea69b4d68f5894d1929e299e3b6257b78ea6,f2f54256ffe8f4588380971d73d09672fd3f77a15b38db0356fb9ed5b0efa1f0,600,Pick the lemon wedge from the plate and place it in the pan.,robocasa365_fixed10,pretrain,27,20,original_h20,True,318,16,19.875,17.319204251281917,10.388548016548157,1.3435845151543617,5d4257fdfdbe4507721cf729208510a99f69b275b92c03744dc4289b70fee5d2,50,10,egl,20,/home/enmingzz/project/vla/frequency_vla/results/robocasa365_fixed10_500_retry1/h20/videos/original_h20/PickPlaceCounterToStove/episode_005.mp4,/home/enmingzz/project/vla/frequency_vla/results/robocasa365_fixed10_500_retry1/paired_episodes,cf1e315128c91094b25706f0ee7f2aea696e29b6c609af861429819abed5f6a3
5,PickPlaceCounterToStove,6,270050006,False,0a7b840d8cb98fd091c2ec3e9709eaafc025848da08fdd0f172e79bb1f1226b7,fb4cfa6cb340c4735fe468ee6a2dd5fe2ab1d041f3d35b805e94f0ca859d3db3,febcb7fa7ed4214e697dfb34bbb803c5f95aa4720e338d487a105529e1d3c784,c27e0624b974a3889ab2c403e1c47ad30dbf20025e19d08ed5ac9c9227f73bee,600,Pick the corn from the plate and place it in the pan.,robocasa365_fixed10,pretrain,27,20,original_h20,True,375,19,19.736842105263158,21.994438257999718,13.418949191458523,1.3174987426027656,5d4257fdfdbe4507721cf729208510a99f69b275b92c03744dc4289b70fee5d2,50,10,egl,20,/home/enmingzz/project/vla/frequency_vla/results/robocasa365_fixed10_500_retry1/h20/videos/original_h20/PickPlaceCounterToStove/episode_006.mp4,/home/enmingzz/project/vla/frequency_vla/results/robocasa365_fixed10_500_retry1/paired_episodes,cf1e315128c91094b25706f0ee7f2aea696e29b6c609af861429819abed5f6a3
5,PickPlaceCounterToStove,7,270050007,False,271f661f3f430b412e9e5be87f2befa2be90281df339f0c73780544bd69f155d,a8dc14e4e0f2ec255c66f2fdbd40f3f258d9f10dc7eb5c0795c2630340b69712,551390ade7b35e879ce057d093476fc249c5d388760135eb3f317eb30e6f4850,4f6d21cda0fccf87d8e2f1efc45ce1704687358d568ad18f3a5c8221f7c423d2,600,Pick the carrot from the plate and place it in the pan.,robocasa365_fixed10,pretrain,27,20,original_h20,True,558,28,19.928571428571427,18.74543503858149,8.936424891464412,2.05525375995785,5d4257fdfdbe4507721cf729208510a99f69b275b92c03744dc4289b70fee5d2,50,10,egl,20,/home/enmingzz/project/vla/frequency_vla/results/robocasa365_fixed10_500_retry1/h20/videos/original_h20/PickPlaceCounterToStove/episode_007.mp4,/home/enmingzz/project/vla/frequency_vla/results/robocasa365_fixed10_500_retry1/paired_episodes,cf1e315128c91094b25706f0ee7f2aea696e29b6c609af861429819abed5f6a3
5,PickPlaceCounterToStove,8,270050008,False,5473bb2123d5174e50614556eb6e478478ed50b6c9bba6be9c3ccdff5cf9b909,4465b7268be07ba6cb33e2db23345a636fbd8f0536340d73a5cc97bba38ed02b,7420351c74317bc6e56b0d04d3b4256bf3eb0b39118cc40ffd9d472a55f32c57,59fe9f55711253f1a6953e25b1b8b2fb91dce7a3f3c24b46b6578375c2b1a3ee,600,Pick the cheese from the plate and place it in the pan.,robocasa365_fixed10,pretrain,27,20,original_h20,False,600,30,20.0,30.497640637680888,16.20367741305381,3.6328193517401814,5d4257fdfdbe4507721cf729208510a99f69b275b92c03744dc4289b70fee5d2,50,10,egl,20,/home/enmingzz/project/vla/frequency_vla/results/robocasa365_fixed10_500_retry1/h20/videos/original_h20/PickPlaceCounterToStove/episode_008.mp4,/home/enmingzz/project/vla/frequency_vla/results/robocasa365_fixed10_500_retry1/paired_episodes,cf1e315128c91094b25706f0ee7f2aea696e29b6c609af861429819abed5f6a3
5,PickPlaceCounterToStove,9,270050009,False,ef0ac8231c3af4d2ff6b979d8a450d8ae953bfdc26a975bc6193c5cb8e0316f2,e4a4495dfc5e2fa4cf23f55ab2d1140e43b5d6fd68f6fabb31cf3314483828e2,5fed3a526e65c19e7548c939acc9296e12c2b71e66af5223d90458990ab08a4f,33bd2a4a74f66be9b9e90fc1eca2dbb04b0dd2bb49efee80fa64ca8c2571e0c8,600,Pick the onion from the plate and place it in the pan.,robocasa365_fixed10,pretrain,27,20,original_h20,True,197,10,19.7,10.464369091205299,11.109531613998115,0.7129621813073754,5d4257fdfdbe4507721cf729208510a99f69b275b92c03744dc4289b70fee5d2,50,10,egl,20,/home/enmingzz/project/vla/frequency_vla/results/robocasa365_fixed10_500_retry1/h20/videos/original_h20/PickPlaceCounterToStove/episode_009.mp4,/home/enmingzz/project/vla/frequency_vla/results/robocasa365_fixed10_500_retry1/paired_episodes,cf1e315128c91094b25706f0ee7f2aea696e29b6c609af861429819abed5f6a3
6,PickPlaceSinkToCounter,0,270060000,False,f7cb40f1bf8419c27b26e808719ba1180722d2e34e74fd05045d573a5035482c,878fb483dea574fe20816f1a59ad168bf75b3e9f78178959afda9556e7ec6b29,7336871cdaa52bc23e034333d468ee758aee6f40092c9d44e20ffa10e92b2119,604f714118bf7b64880f653fba6161fa27bb63d12fdebddb60f535d3534dd5de,900,Pick the broccoli from the sink and place it on the plate located on the counter.,robocasa365_fixed10,pretrain,27,20,original_h20,True,230,12,19.166666666666668,9.293135829269886,16.54694736097008,0.890737441368401,5d4257fdfdbe4507721cf729208510a99f69b275b92c03744dc4289b70fee5d2,50,10,egl,20,/home/enmingzz/project/vla/frequency_vla/results/robocasa365_fixed10_500_retry1/h20/videos/original_h20/PickPlaceSinkToCounter/episode_000.mp4,/home/enmingzz/project/vla/frequency_vla/results/robocasa365_fixed10_500_retry1/paired_episodes,cf1e315128c91094b25706f0ee7f2aea696e29b6c609af861429819abed5f6a3
6,PickPlaceSinkToCounter,1,270060001,False,e4c0bbf8be0c1e3d3fb0f1675381f396db39afc78c45a7a0b26624b5b56ebcb1,5cf0f8e4a3fc2b35e6d10b707053067cddf61760312b678635aa23f655696a94,1be74d78efb992973945bcf087ec122756d32e5e022aca263a4e931ab7b3648b,43b4eb2ee555612f488813ed2feecf8532ff5e9358ae1836a7b26d0210d4e604,900,Pick the carrot from the sink and place it on the plate located on the counter.,robocasa365_fixed10,pretrain,27,20,original_h20,True,284,15,18.933333333333334,12.160609005019069,9.887163295410573,1.1600423296913505,5d4257fdfdbe4507721cf729208510a99f69b275b92c03744dc4289b70fee5d2,50,10,egl,20,/home/enmingzz/project/vla/frequency_vla/results/robocasa365_fixed10_500_retry1/h20/videos/original_h20/PickPlaceSinkToCounter/episode_001.mp4,/home/enmingzz/project/vla/frequency_vla/results/robocasa365_fixed10_500_retry1/paired_episodes,cf1e315128c91094b25706f0ee7f2aea696e29b6c609af861429819abed5f6a3
6,PickPlaceSinkToCounter,2,270060002,False,0f43ec655048d7c192b4dcfad8c18b8cc51adb99a4249f4a026539922e6e1584,9939325eb889b30550270015790aa53aa61bd1643f0737511a88a7c8b7eec06e,0b5382ef3b911ac702c71e3bda314cd5e56b1f89f799e68e4cb3deff515e45ee,08a6edec958e1ed4901888362a7dc6a20e97bfa00bc521e53ad07f3554ba6f83,900,Pick the orange from the sink and place it on the plate located on the counter.,robocasa365_fixed10,pretrain,27,20,original_h20,True,382,20,19.1,15.23546003177762,9.66744881682098,1.5111333979293704,5d4257fdfdbe4507721cf729208510a99f69b275b92c03744dc4289b70fee5d2,50,10,egl,20,/home/enmingzz/project/vla/frequency_vla/results/robocasa365_fixed10_500_retry1/h20/videos/original_h20/PickPlaceSinkToCounter/episode_002.mp4,/home/enmingzz/project/vla/frequency_vla/results/robocasa365_fixed10_500_retry1/paired_episodes,cf1e315128c91094b25706f0ee7f2aea696e29b6c609af861429819abed5f6a3
6,PickPlaceSinkToCounter,3,270060003,False,09b2483bddc913a93fb284e91b2ec0826d204372113454211abee7c2486a034d,b95b119db5729773f1d6719b72db7ed1a227ff5751050993931744402c935396,b01bf219d453c5da32d1fcc0507c7e3f410440d0bfddff812d86075309624025,5e965fe3b7e020141cae8d695e0814429e555e705dd25b8e0958ec795b5aa949,900,Pick the chicken drumstick from the sink and place it on the plate located on the counter.,robocasa365_fixed10,pretrain,27,20,original_h20,True,440,22,20.0,18.707136635668576,12.978849777020514,1.483421789482236,5d4257fdfdbe4507721cf729208510a99f69b275b92c03744dc4289b70fee5d2,50,10,egl,20,/home/enmingzz/project/vla/frequency_vla/results/robocasa365_fixed10_500_retry1/h20/videos/original_h20/PickPlaceSinkToCounter/episode_003.mp4,/home/enmingzz/project/vla/frequency_vla/results/robocasa365_fixed10_500_retry1/paired_episodes,cf1e315128c91094b25706f0ee7f2aea696e29b6c609af861429819abed5f6a3
6,PickPlaceSinkToCounter,4,270060004,False,bc6f97887eecc8fea04e40169d1e574535bd88dfe4da40680218db7078d8bbc0,f146b1174d53d6ce5438269aa11f8d3053552f1fd0a5c4e155ddf2c9a889c8a8,05cfd820452274142b975507a60b5477c6a24ff19ef7541dcf7e4b4c09a00d7d,aeb58e30cb9971df027857da0e8be0560fa964ea2d3f99fd3e4559b98a9cb9aa,900,Pick the garlic from the sink and place it on the plate located on the counter.,robocasa365_fixed10,pretrain,27,20,original_h20,True,473,24,19.708333333333332,19.482951791025698,10.263797987252474,2.5494465567171574,5d4257fdfdbe4507721cf729208510a99f69b275b92c03744dc4289b70fee5d2,50,10,egl,20,/home/enmingzz/project/vla/frequency_vla/results/robocasa365_fixed10_500_retry1/h20/videos/original_h20/PickPlaceSinkToCounter/episode_004.mp4,/home/enmingzz/project/vla/frequency_vla/results/robocasa365_fixed10_500_retry1/paired_episodes,cf1e315128c91094b25706f0ee7f2aea696e29b6c609af861429819abed5f6a3
6,PickPlaceSinkToCounter,5,270060005,False,ece6a28c89d4009d686a36f9f8a94ab4a0e780a6680de1a803856d330814933b,1156ae1639ad04f34569c80d79b4a82fe59acaec827943de6d233b90a130d1bb,85b04e66b51686fd1fcecfeb6c1143206c3ce3cb386f0322abc4694476b147e6,56dfc945f3960275422e36366c3b0570177d4639e8f3d226e8410691ad0b0646,900,Pick the corn from the sink and place it on the plate located on the counter.,robocasa365_fixed10,pretrain,27,20,original_h20,True,276,14,19.714285714285715,17.825011018663645,19.621155513450503,1.0691513726487756,5d4257fdfdbe4507721cf729208510a99f69b275b92c03744dc4289b70fee5d2,50,10,egl,20,/home/enmingzz/project/vla/frequency_vla/results/robocasa365_fixed10_500_retry1/h20/videos/original_h20/PickPlaceSinkToCounter/episode_005.mp4,/home/enmingzz/project/vla/frequency_vla/results/robocasa365_fixed10_500_retry1/paired_episodes,cf1e315128c91094b25706f0ee7f2aea696e29b6c609af861429819abed5f6a3
6,PickPlaceSinkToCounter,6,270060006,False,226c8cac777b610c0f14f9721a838e114f0f73c9b0351892a41b6988dcf2054a,cd3afd70d374c14c86a3f1b4df3686a436b9d9d2a427200346adfccd55840297,d340942ee8f77e5083bbbdad7e551c2e176c1f8977e3b19d4053d4d3ef8a066d,43d4259f66234559418bc8cd38071e14dbac860c520e8523d753dac162ce7e49,900,Pick the pear from the sink and place it on the plate located on the counter.,robocasa365_fixed10,pretrain,27,20,original_h20,True,231,12,19.25,11.048087284900248,9.563676431775093,1.1810298170894384,5d4257fdfdbe4507721cf729208510a99f69b275b92c03744dc4289b70fee5d2,50,10,egl,20,/home/enmingzz/project/vla/frequency_vla/results/robocasa365_fixed10_500_retry1/h20/videos/original_h20/PickPlaceSinkToCounter/episode_006.mp4,/home/enmingzz/project/vla/frequency_vla/results/robocasa365_fixed10_500_retry1/paired_episodes,cf1e315128c91094b25706f0ee7f2aea696e29b6c609af861429819abed5f6a3
6,PickPlaceSinkToCounter,7,270060007,False,4624dc5d2d5488de56b4d90a95ba2cabf4353fd4e43077c2d77f9924424c83fc,446584ee100bd1db4202f0704c5dbd22b520d527fd81db8a36d8a43a7c72359f,b83f0cba683a3ae038c536f845a94518a96be797deb1ec8e86056a8fc82daaa5,fd8102cb5ae4ea6f7eafa398e495817e536f819c06e037d350fd3feba99dfdff,900,Pick the squash from the sink and place it on the plate located on the counter.,robocasa365_fixed10,pretrain,27,20,original_h20,True,237,12,19.75,11.036507683806121,15.908085560426116,0.8464937889948487,5d4257fdfdbe4507721cf729208510a99f69b275b92c03744dc4289b70fee5d2,50,10,egl,20,/home/enmingzz/project/vla/frequency_vla/results/robocasa365_fixed10_500_retry1/h20/videos/original_h20/PickPlaceSinkToCounter/episode_007.mp4,/home/enmingzz/project/vla/frequency_vla/results/robocasa365_fixed10_500_retry1/paired_episodes,cf1e315128c91094b25706f0ee7f2aea696e29b6c609af861429819abed5f6a3
6,PickPlaceSinkToCounter,8,270060008,False,fbffea323a0470a3d0129c89511ee2b87ca6fa55959b8e45002d93fa38cea32c,f93a3a8842eb120c625f28e77022975bd288dcdba0721202560fbb4a5242a4f4,897cb80956f994c72f5ac618823a9f304591ad4cb33f21c35d943c441ce1ad0f,df2895e2f959ea29f69c40efbcdb7605cde3ce77c9be023e8ba44d0bacba330e,900,Pick the lemon from the sink and place it on the plate located on the counter.,robocasa365_fixed10,pretrain,27,20,original_h20,True,226,12,18.833333333333332,8.11251584533602,12.24373122677207,0.8136404315009713,5d4257fdfdbe4507721cf729208510a99f69b275b92c03744dc4289b70fee5d2,50,10,egl,20,/home/enmingzz/project/vla/frequency_vla/results/robocasa365_fixed10_500_retry1/h20/videos/original_h20/PickPlaceSinkToCounter/episode_008.mp4,/home/enmingzz/project/vla/frequency_vla/results/robocasa365_fixed10_500_retry1/paired_episodes,cf1e315128c91094b25706f0ee7f2aea696e29b6c609af861429819abed5f6a3
6,PickPlaceSinkToCounter,9,270060009,False,094b7ac40783df08484cbba21553455e73dab52fa2103ae575c3932bafdbbdc3,9f149aa44feafc7d9157ab3bfd7da1bcd12a7e02215b5cc219d719927a1804b6,bd8b9d32157a8a5685c648e112b63cc1cb73379b4dff878f78874157947d85d8,c0552d83d0817561de83d2bbd073a91641c4a019ba4ea34e10533f7a5cecb649,900,Pick the bell pepper from the sink and place it on the plate located on the counter.,robocasa365_fixed10,pretrain,27,20,original_h20,True,318,16,19.875,12.19510533194989,13.62317573837936,1.2428827518597245,5d4257fdfdbe4507721cf729208510a99f69b275b92c03744dc4289b70fee5d2,50,10,egl,20,/home/enmingzz/project/vla/frequency_vla/results/robocasa365_fixed10_500_retry1/h20/videos/original_h20/PickPlaceSinkToCounter/episode_009.mp4,/home/enmingzz/project/vla/frequency_vla/results/robocasa365_fixed10_500_retry1/paired_episodes,cf1e315128c91094b25706f0ee7f2aea696e29b6c609af861429819abed5f6a3
7,TurnOffStove,0,270070000,False,6785045e64c65b0e6d33e90cfa4f0f0966581c70f778ec19288eed3bcbaf7716,012e744d58bf8dc9a965eb423698d71bc2a30a7b8770b1bc597fc2358f3a0068,b64c9f1361ed5332e2cdc226f70a307f718379c9da5a22c9eba33b11b2e0fcea,fd4c60a00ec3d96a70e70b5b9ab4054bed9359a4a6ddba17bdd3531110166f3a,750,Turn off the front left burner of the stove.,robocasa365_fixed10,pretrain,27,20,original_h20,False,750,38,19.736842105263158,28.909071848727763,9.217710535041988,3.6576214963570237,5d4257fdfdbe4507721cf729208510a99f69b275b92c03744dc4289b70fee5d2,50,10,egl,20,/home/enmingzz/project/vla/frequency_vla/results/robocasa365_fixed10_500_retry1/h20/videos/original_h20/TurnOffStove/episode_000.mp4,/home/enmingzz/project/vla/frequency_vla/results/robocasa365_fixed10_500_retry1/paired_episodes,cf1e315128c91094b25706f0ee7f2aea696e29b6c609af861429819abed5f6a3
7,TurnOffStove,1,270070001,False,510b526c6d4d2e88bfeed684343ac169b12d8ffe37862e557692910a227c0915,b7b0690b606004b20fe0c4a0c059bf0b968a82bfd43843da0e56ec059024307a,d919ce967f20ee1e4cf25ead18da5bd789387aa4fdeaa3e9dba729fcfabfc210,0bfe97ab92c31f8dff26af6673c6b78173c425e80c00784b8f9d399a84888e9a,750,Turn off the front left burner of the stove.,robocasa365_fixed10,pretrain,27,20,original_h20,False,750,38,19.736842105263158,28.610930493101478,10.921259925700724,2.964659900404513,5d4257fdfdbe4507721cf729208510a99f69b275b92c03744dc4289b70fee5d2,50,10,egl,20,/home/enmingzz/project/vla/frequency_vla/results/robocasa365_fixed10_500_retry1/h20/videos/original_h20/TurnOffStove/episode_001.mp4,/home/enmingzz/project/vla/frequency_vla/results/robocasa365_fixed10_500_retry1/paired_episodes,cf1e315128c91094b25706f0ee7f2aea696e29b6c609af861429819abed5f6a3
7,TurnOffStove,2,270070002,False,d4060ae9774ebda44712b673bf0b433c016833cf6d4d5e5d13c41b1f813cb1d3,7300db8d098b1322048d85112a508e4170322949227ffe5da7f2c65ca2a558dc,c539cc3fa5af096ca385199f9bc88cf7e313f93bc24a36b1f45febe8a7b85175,bdb956fd6f2b314179da527b332db9bd1df8e38ec5ba339713c5365bf8dd483c,750,Turn off the front right burner of the stove.,robocasa365_fixed10,pretrain,27,20,original_h20,False,750,38,19.736842105263158,25.374223430640996,9.467273868620396,2.7220227867364883,5d4257fdfdbe4507721cf729208510a99f69b275b92c03744dc4289b70fee5d2,50,10,egl,20,/home/enmingzz/project/vla/frequency_vla/results/robocasa365_fixed10_500_retry1/h20/videos/original_h20/TurnOffStove/episode_002.mp4,/home/enmingzz/project/vla/frequency_vla/results/robocasa365_fixed10_500_retry1/paired_episodes,cf1e315128c91094b25706f0ee7f2aea696e29b6c609af861429819abed5f6a3
7,TurnOffStove,3,270070003,False,942d1d94c801fbe1efc11768b418d0b9a38dc79b6003747cdbe7be4fc2374584,df4cd70578a1f121b6cce42b63b4cad070faf9216c739b7079a8dfd1f4126551,6a66e1265ba74afc9b6de0e0e209d3a13745805da5efe6bf0bce665c0fe09d89,77c3a4c6549c66091c5151158f3d391c5b3a95ad487c6b85d0628649744e4563,750,Turn off the front right burner of the stove.,robocasa365_fixed10,pretrain,27,20,original_h20,True,443,23,19.26086956521739,15.119868744164705,8.788645215332508,1.8184413192793727,5d4257fdfdbe4507721cf729208510a99f69b275b92c03744dc4289b70fee5d2,50,10,egl,20,/home/enmingzz/project/vla/frequency_vla/results/robocasa365_fixed10_500_retry1/h20/videos/original_h20/TurnOffStove/episode_003.mp4,/home/enmingzz/project/vla/frequency_vla/results/robocasa365_fixed10_500_retry1/paired_episodes,cf1e315128c91094b25706f0ee7f2aea696e29b6c609af861429819abed5f6a3
7,TurnOffStove,4,270070004,False,b9b60a4ccf62497d9f25a6235267ba249874da0bb41bcf4ae782bff9a695255e,6899e866ad98d3615ac28da79e8cdeb67991f34c601959923740ea6a909a4ba8,fcd87fe1ad31f82548c85ddeb91c6e8c9d7980ad573008580e5a29996f3c40d2,4fb1700a08be1dc0a27addc25285299cd39244b6fc8c4f7f2faf266a877fcf8f,750,Turn off the front right burner of the stove.,robocasa365_fixed10,pretrain,27,20,original_h20,False,750,38,19.736842105263158,29.57237706705928,10.002418963238597,4.050378608517349,5d4257fdfdbe4507721cf729208510a99f69b275b92c03744dc4289b70fee5d2,50,10,egl,20,/home/enmingzz/project/vla/frequency_vla/results/robocasa365_fixed10_500_retry1/h20/videos/original_h20/TurnOffStove/episode_004.mp4,/home/enmingzz/project/vla/frequency_vla/results/robocasa365_fixed10_500_retry1/paired_episodes,cf1e315128c91094b25706f0ee7f2aea696e29b6c609af861429819abed5f6a3
7,TurnOffStove,5,270070005,False,6b4190c839efd845102476473cde3e2a5c08d5aecae6ab2d10365a65d0bdd60d,140a97bfe02c08e2ab2a8963c0413f35a595051217b2b74597966297ba7ba1c7,acf935e2df103ad02624d8fd63149968761313290b19f49addd7ffee2964a0eb,8c2b84401031bd58ad2c68994358513beb87db0a3ffc2077e256dc7bdcf5c17f,750,Turn off the front left burner of the stove.,robocasa365_fixed10,pretrain,27,20,original_h20,False,750,38,19.736842105263158,31.31538667436689,9.536012461408973,2.5317432805895805,5d4257fdfdbe4507721cf729208510a99f69b275b92c03744dc4289b70fee5d2,50,10,egl,20,/home/enmingzz/project/vla/frequency_vla/results/robocasa365_fixed10_500_retry1/h20/videos/original_h20/TurnOffStove/episode_005.mp4,/home/enmingzz/project/vla/frequency_vla/results/robocasa365_fixed10_500_retry1/paired_episodes,cf1e315128c91094b25706f0ee7f2aea696e29b6c609af861429819abed5f6a3
7,TurnOffStove,6,270070006,False,d99f31a22ded072692365bd247bf3e422a05682bfc460ff3576fde16a94c41d8,dd4c313dda36f8b6c6578732984ebde58782af29d468d8295e31b71323a6f338,9f774c9db74401f5252b22a155027b95494cdb4a3f1573d528fe190228b47a39,ed3fb08864cd1a113189c3d995e9b4b215a49e6635cdd84eb237022e8734ec4e,750,Turn off the rear left burner of the stove.,robocasa365_fixed10,pretrain,27,20,original_h20,False,750,38,19.736842105263158,37.70974464062601,12.38729495368898,2.992588046938181,5d4257fdfdbe4507721cf729208510a99f69b275b92c03744dc4289b70fee5d2,50,10,egl,20,/home/enmingzz/project/vla/frequency_vla/results/robocasa365_fixed10_500_retry1/h20/videos/original_h20/TurnOffStove/episode_006.mp4,/home/enmingzz/project/vla/frequency_vla/results/robocasa365_fixed10_500_retry1/paired_episodes,cf1e315128c91094b25706f0ee7f2aea696e29b6c609af861429819abed5f6a3
7,TurnOffStove,7,270070007,False,25567c26e2258992331927dfe45a1653ed4d6137acf5474129aa667c6a1cd20f,7d92dd264eae665f9eb5bf309b4ee7beab4f8564ecf8a10a8ce9ba52960fe24f,6b90e7d5a2889753b1912189bf34b7bf8eb3058c904177456ac921b7f45d2769,343bc40ec88c3b77f39076b034279b0d4ae5f457c6caa77613620f89c9ebdf13,750,Turn off the rear center burner of the stove.,robocasa365_fixed10,pretrain,27,20,original_h20,False,750,38,19.736842105263158,26.96925553213805,9.141610865481198,2.7701820014044642,5d4257fdfdbe4507721cf729208510a99f69b275b92c03744dc4289b70fee5d2,50,10,egl,20,/home/enmingzz/project/vla/frequency_vla/results/robocasa365_fixed10_500_retry1/h20/videos/original_h20/TurnOffStove/episode_007.mp4,/home/enmingzz/project/vla/frequency_vla/results/robocasa365_fixed10_500_retry1/paired_episodes,cf1e315128c91094b25706f0ee7f2aea696e29b6c609af861429819abed5f6a3
7,TurnOffStove,8,270070008,False,b802ce6492d06e0615af50d77c85b518c901502ed0bb512e0e4a71b38451f2ae,913882a06ea2432794e9e3fe1c02b85992ceee8eefb342ac741f1eb3b5ef2cc6,8e047013ca847070c5bef47b50b89fa077aef36e91396ef2be9f400ff2ba7ec4,cbac5ec7ca3f65347b1c5e1d16894106beba35329ed154548b0abe8b4178c2d2,750,Turn off the front left burner of the stove.,robocasa365_fixed10,pretrain,27,20,original_h20,True,371,19,19.526315789473685,13.52021576743573,7.077493961900473,1.2913647396489978,5d4257fdfdbe4507721cf729208510a99f69b275b92c03744dc4289b70fee5d2,50,10,egl,20,/home/enmingzz/project/vla/frequency_vla/results/robocasa365_fixed10_500_retry1/h20/videos/original_h20/TurnOffStove/episode_008.mp4,/home/enmingzz/project/vla/frequency_vla/results/robocasa365_fixed10_500_retry1/paired_episodes,cf1e315128c91094b25706f0ee7f2aea696e29b6c609af861429819abed5f6a3
7,TurnOffStove,9,270070009,False,6049cea2cf759135cf0b81bfd97019d47aa2502ad66b744a07aa7ef30449a8cf,e0a2494658f62082b223711a8dda7a9ca455b58c6a6ca8eec82014795ad08bfa,0aba8eff2a8eef4f5e2a03159963a6ede667b324666976f84e0e0532cfb73395,3d89101fe89b395b89d8d1ce01aa7c8d03e1c11f2a5af0abc0fb8f6e29a95f67,750,Turn off the front left burner of the stove.,robocasa365_fixed10,pretrain,27,20,original_h20,False,750,38,19.736842105263158,27.377442472614348,11.35771569609642,2.612230448052287,5d4257fdfdbe4507721cf729208510a99f69b275b92c03744dc4289b70fee5d2,50,10,egl,20,/home/enmingzz/project/vla/frequency_vla/results/robocasa365_fixed10_500_retry1/h20/videos/original_h20/TurnOffStove/episode_009.mp4,/home/enmingzz/project/vla/frequency_vla/results/robocasa365_fixed10_500_retry1/paired_episodes,cf1e315128c91094b25706f0ee7f2aea696e29b6c609af861429819abed5f6a3
8,TurnOnMicrowave,0,270080000,False,6f1f04a865151de4f3dfbf5c6aa3ac685070b3368586ea71a0b1a32b5ff6dc73,0ecbe21cc7a9a5e23a8b8404ae268db9f9a78340c86dbad8607f9061b7297863,95dde6839e3e897d358689c3f7019058d38151bbbfd1762392a033d05da3e8f7,50329bacefd46f3846d1a150773237fd8cf3834b53ff1333391456bcd52642a4,450,Press the start button on the microwave.,robocasa365_fixed10,pretrain,27,20,original_h20,False,450,23,19.565217391304348,19.600392690859735,9.461329813115299,1.6055914321914315,5d4257fdfdbe4507721cf729208510a99f69b275b92c03744dc4289b70fee5d2,50,10,egl,20,/home/enmingzz/project/vla/frequency_vla/results/robocasa365_fixed10_500_retry1/h20/videos/original_h20/TurnOnMicrowave/episode_000.mp4,/home/enmingzz/project/vla/frequency_vla/results/robocasa365_fixed10_500_retry1/paired_episodes,cf1e315128c91094b25706f0ee7f2aea696e29b6c609af861429819abed5f6a3
8,TurnOnMicrowave,1,270080001,False,3cb84959f111f1bfeb7a0514dcfe1280aaf0c616c19022dd3e2783f3e59df889,a206f5fc5a24901f40319fe38076b3b03e6ce429751219ff6248640ecf31f06b,2f4e49bdbc0ae806701ccc692a8d15e19ab02bf744f607fe351dff90dcdc53a2,a4cec529ccf6d854866920bd5a5ef205748fc84f09353c39a03c2586b8034f6f,450,Press the start button on the microwave.,robocasa365_fixed10,pretrain,27,20,original_h20,True,209,11,19.0,9.118344565853477,7.889897332526743,0.7798808040097356,5d4257fdfdbe4507721cf729208510a99f69b275b92c03744dc4289b70fee5d2,50,10,egl,20,/home/enmingzz/project/vla/frequency_vla/results/robocasa365_fixed10_500_retry1/h20/videos/original_h20/TurnOnMicrowave/episode_001.mp4,/home/enmingzz/project/vla/frequency_vla/results/robocasa365_fixed10_500_retry1/paired_episodes,cf1e315128c91094b25706f0ee7f2aea696e29b6c609af861429819abed5f6a3
8,TurnOnMicrowave,2,270080002,False,1b98e87384a9d5f09751b809b3ceb0fb946b6dbb62de279a02fe046f21fed6f8,d97098d162db9ea5e9d79f0b8976c980410972494f654c2f7bfbae1bf4f9b3f7,e5ea734ac279c4961fe9e391031db82be66a0b6e7c1fdeaf2facc26d13681e82,35cc63421025d6e4f4ca488b88b82ffb4756f93a3e80fe89fdb106fe5b553e00,450,Press the start button on the microwave.,robocasa365_fixed10,pretrain,27,20,original_h20,False,450,23,19.565217391304348,28.3018296668306,14.702672841958702,1.6380783831700683,5d4257fdfdbe4507721cf729208510a99f69b275b92c03744dc4289b70fee5d2,50,10,egl,20,/home/enmingzz/project/vla/frequency_vla/results/robocasa365_fixed10_500_retry1/h20/videos/original_h20/TurnOnMicrowave/episode_002.mp4,/home/enmingzz/project/vla/frequency_vla/results/robocasa365_fixed10_500_retry1/paired_episodes,cf1e315128c91094b25706f0ee7f2aea696e29b6c609af861429819abed5f6a3
8,TurnOnMicrowave,3,270080003,False,d888f64fc43df077392c2ae2bbf49b2753d6a5643aa0e4ff33fbae1411441f22,9d879f70d551f96782c1dfd6be5d9b1f7f34977019c1dbea8c9d5aa6b57c117d,9a7c9c8c62a15332a99b371e5c3ff3ba6762a854c4970705568be13c646ba461,4edb551e3b2c67ec50e7e60cad7a58fbe0f99151b56bf24e48415640fcefeb96,450,Press the start button on the microwave.,robocasa365_fixed10,pretrain,27,20,original_h20,True,256,13,19.692307692307693,10.081321925856173,9.941443276591599,0.8902806211262941,5d4257fdfdbe4507721cf729208510a99f69b275b92c03744dc4289b70fee5d2,50,10,egl,20,/home/enmingzz/project/vla/frequency_vla/results/robocasa365_fixed10_500_retry1/h20/videos/original_h20/TurnOnMicrowave/episode_003.mp4,/home/enmingzz/project/vla/frequency_vla/results/robocasa365_fixed10_500_retry1/paired_episodes,cf1e315128c91094b25706f0ee7f2aea696e29b6c609af861429819abed5f6a3
8,TurnOnMicrowave,4,270080004,False,7e2b2e10c2ee11fd1d6c08859fc3560ae8d98fc0b74b44d4fa0cdbbf956f6f23,4f0e56e0816032795853933120d8ad5936b0325324f895f5f25f2353ba9387dc,3a717827a7ef058acb64ee43048032f1e59b65963e9089318e135f9e8a02dcdc,a37a3eb5407bf2bc6903909280b9c94e20045030f082a1b1fdbdac577dffda32,450,Press the start button on the microwave.,robocasa365_fixed10,pretrain,27,20,original_h20,False,450,23,19.565217391304348,16.615308339707553,9.077127136290073,1.5550239961594343,5d4257fdfdbe4507721cf729208510a99f69b275b92c03744dc4289b70fee5d2,50,10,egl,20,/home/enmingzz/project/vla/frequency_vla/results/robocasa365_fixed10_500_retry1/h20/videos/original_h20/TurnOnMicrowave/episode_004.mp4,/home/enmingzz/project/vla/frequency_vla/results/robocasa365_fixed10_500_retry1/paired_episodes,cf1e315128c91094b25706f0ee7f2aea696e29b6c609af861429819abed5f6a3
8,TurnOnMicrowave,5,270080005,False,629238f5f0d4fa3aed8349b8a318079cd97a7ac7838755f2130a9a09b5b6ad59,d5cac61c261ebfb7c4a68b445e95066cd02967e8b1da0cdb09ad9d7b1d9ebdd4,ad2605bda014241b11c1310b2f1f92b87970ab53abd49d4b3fb6889545d34cc2,baf4d31efce12ed5d2a94512092cf6923dc2ad0a2503dbd2fab47026b3c82c8f,450,Press the start button on the microwave.,robocasa365_fixed10,pretrain,27,20,original_h20,True,300,15,20.0,11.873305397108197,10.807787965983152,1.0194196999073029,5d4257fdfdbe4507721cf729208510a99f69b275b92c03744dc4289b70fee5d2,50,10,egl,20,/home/enmingzz/project/vla/frequency_vla/results/robocasa365_fixed10_500_retry1/h20/videos/original_h20/TurnOnMicrowave/episode_005.mp4,/home/enmingzz/project/vla/frequency_vla/results/robocasa365_fixed10_500_retry1/paired_episodes,cf1e315128c91094b25706f0ee7f2aea696e29b6c609af861429819abed5f6a3
8,TurnOnMicrowave,6,270080006,False,4c92ce039da0f316301dc6bc1e591cdeb71a181635c8b13974894f896aeee54e,7276ab40dc7889ee7c91e67bcbff68fd837daa69a598892df99aea6475bad8da,555e384f32395f1e858a13f5dbe3a3f91669ac46f9fe61d9107c272ecd9c7abf,5a96fe8405e7a0f9e65575a59ab05757f46f78bfd70de2a309684c2c41ca547f,450,Press the start button on the microwave.,robocasa365_fixed10,pretrain,27,20,original_h20,False,450,23,19.565217391304348,13.232561784796417,7.120300563052297,1.5907099582254887,5d4257fdfdbe4507721cf729208510a99f69b275b92c03744dc4289b70fee5d2,50,10,egl,20,/home/enmingzz/project/vla/frequency_vla/results/robocasa365_fixed10_500_retry1/h20/videos/original_h20/TurnOnMicrowave/episode_006.mp4,/home/enmingzz/project/vla/frequency_vla/results/robocasa365_fixed10_500_retry1/paired_episodes,cf1e315128c91094b25706f0ee7f2aea696e29b6c609af861429819abed5f6a3
8,TurnOnMicrowave,7,270080007,False,16f3638fd38c3e20dd5843169b312d177d5e5fb79a3a568f28b3eece5061a917,5aad20bd24aa4a31f6e8964c8d101c2849c68176409a66801195b8657315fac5,47a00282c579fdc1e07787d945b0da43798cd2ed5c42097b1e605fceb0394c38,29f4f0c5411bbd4145fd0a13d4c5e504f04ab3229cc6a50db75d749b41edae8a,450,Press the start button on the microwave.,robocasa365_fixed10,pretrain,27,20,original_h20,True,118,6,19.666666666666668,4.772185613401234,12.945498123764992,0.43774461187422276,5d4257fdfdbe4507721cf729208510a99f69b275b92c03744dc4289b70fee5d2,50,10,egl,20,/home/enmingzz/project/vla/frequency_vla/results/robocasa365_fixed10_500_retry1/h20/videos/original_h20/TurnOnMicrowave/episode_007.mp4,/home/enmingzz/project/vla/frequency_vla/results/robocasa365_fixed10_500_retry1/paired_episodes,cf1e315128c91094b25706f0ee7f2aea696e29b6c609af861429819abed5f6a3
8,TurnOnMicrowave,8,270080008,False,35d1df3b2927da1c480a42edbf3c7ededc5d3c12f2ec3a715bcc80f6ea7a5035,4df56d2c9f2918853451102ca91ccfb64e70b9c58fe3af64f89e35dc01ac901a,e9b879f575155f074216e7858205238706ad214502baec4d42bba90890aec3e0,34caefc04e1536146a3d48d6b344942c3878d7a1704cb78b8560a9a652d1bf81,450,Press the start button on the microwave.,robocasa365_fixed10,pretrain,27,20,original_h20,False,450,23,19.565217391304348,18.441433165222406,11.569808862172067,1.4476644126698375,5d4257fdfdbe4507721cf729208510a99f69b275b92c03744dc4289b70fee5d2,50,10,egl,20,/home/enmingzz/project/vla/frequency_vla/results/robocasa365_fixed10_500_retry1/h20/videos/original_h20/TurnOnMicrowave/episode_008.mp4,/home/enmingzz/project/vla/frequency_vla/results/robocasa365_fixed10_500_retry1/paired_episodes,cf1e315128c91094b25706f0ee7f2aea696e29b6c609af861429819abed5f6a3
8,TurnOnMicrowave,9,270080009,False,712b0a5257d89e62534eecb3a5545ffcc08cda6df97eed1238d7d7736ce8b167,8e53fd0403ab2a55141285a74a60dda6d6f2508f7c422bcdd3a2e2b62ff60222,8117f8ad28de9e7cf2a9e767e22e75a14431949d6a501ad841c5f7b290183390,490ddd745cc8206febf7d99ef833ccdbcdd513e1e3752118e4b85fea0aee40d9,450,Press the start button on the microwave.,robocasa365_fixed10,pretrain,27,20,original_h20,False,450,23,19.565217391304348,16.88926196284592,6.596684238873422,1.399288116954267,5d4257fdfdbe4507721cf729208510a99f69b275b92c03744dc4289b70fee5d2,50,10,egl,20,/home/enmingzz/project/vla/frequency_vla/results/robocasa365_fixed10_500_retry1/h20/videos/original_h20/TurnOnMicrowave/episode_009.mp4,/home/enmingzz/project/vla/frequency_vla/results/robocasa365_fixed10_500_retry1/paired_episodes,cf1e315128c91094b25706f0ee7f2aea696e29b6c609af861429819abed5f6a3
9,TurnOnSinkFaucet,0,270090000,False,f15e870870709bc8b3d5d74f3e9460da2460695a6fd6545189cf252115099f28,108ab183d0d11961c46810be5241621d0af9a2b9402a088f3c93c31a7769833e,8967528ad2fb161f96e379a5c22382323b11413af833a7cb925e7b244fff8509,f953feb9e24a5aaa7bc87efc4519796709c79614c7e0b34761f45c5fbae4b425,600,Turn on the sink faucet.,robocasa365_fixed10,pretrain,27,20,original_h20,True,329,17,19.352941176470587,13.457254658453166,8.679124182090163,1.1320855095982552,5d4257fdfdbe4507721cf729208510a99f69b275b92c03744dc4289b70fee5d2,50,10,egl,20,/home/enmingzz/project/vla/frequency_vla/results/robocasa365_fixed10_500_retry1/h20/videos/original_h20/TurnOnSinkFaucet/episode_000.mp4,/home/enmingzz/project/vla/frequency_vla/results/robocasa365_fixed10_500_retry1/paired_episodes,cf1e315128c91094b25706f0ee7f2aea696e29b6c609af861429819abed5f6a3
9,TurnOnSinkFaucet,1,270090001,False,52613d09198969553cf6c0e32d7fb4e7301529bf1c778580eae7b0fbce82b553,f155be3b3f2095d3e38a80bf6174ce959f658776bdbfee19a1fda3c6b59ca9f5,bd0009a09b05923bc26f13d10f44b7d43db588b428d69de90a79f9c86e131007,67d3a2df4e70afd929d5f9924f1805533d90376672edfc971632d25936b82220,600,Turn on the sink faucet.,robocasa365_fixed10,pretrain,27,20,original_h20,True,280,14,20.0,10.346736760810018,13.53900272399187,1.1656869556754827,5d4257fdfdbe4507721cf729208510a99f69b275b92c03744dc4289b70fee5d2,50,10,egl,20,/home/enmingzz/project/vla/frequency_vla/results/robocasa365_fixed10_500_retry1/h20/videos/original_h20/TurnOnSinkFaucet/episode_001.mp4,/home/enmingzz/project/vla/frequency_vla/results/robocasa365_fixed10_500_retry1/paired_episodes,cf1e315128c91094b25706f0ee7f2aea696e29b6c609af861429819abed5f6a3
9,TurnOnSinkFaucet,2,270090002,False,0177909f0a5bf66954ffc5e93dfc0ef083d63c32a0d6043c82c2e76652dbd624,35a0a214170adaec111296a4533e01ba02790c3c8a2a481fc41a450b19904917,928f1db1a1f6ccf42be9665bf17a07d48509c060aded6d33c2dd396f09f1eb42,b71469b5914d0b6e253a303e2a56f176dc600d9ea58220a01982c15c7b2fa98a,600,Turn on the sink faucet.,robocasa365_fixed10,pretrain,27,20,original_h20,True,576,29,19.862068965517242,25.471446654759347,10.718917831778526,2.043317588046193,5d4257fdfdbe4507721cf729208510a99f69b275b92c03744dc4289b70fee5d2,50,10,egl,20,/home/enmingzz/project/vla/frequency_vla/results/robocasa365_fixed10_500_retry1/h20/videos/original_h20/TurnOnSinkFaucet/episode_002.mp4,/home/enmingzz/project/vla/frequency_vla/results/robocasa365_fixed10_500_retry1/paired_episodes,cf1e315128c91094b25706f0ee7f2aea696e29b6c609af861429819abed5f6a3
9,TurnOnSinkFaucet,3,270090003,False,3e2a887779715216c96e445783f7f4fed6dab44915ae2f508e3c733adb099069,12311bda10753b88fb7478e4077b1a67999fe0e7790df7d6018e0373a081586a,541633f1207c52b8a367d3ac0e89fa9f0716b9d74e350e2dc2aa1d1b78f9d66b,b297130c09b61a15f1aa6661f87cd48971b68ab9016a23e09cbf754ec26fd049,600,Turn on the sink faucet.,robocasa365_fixed10,pretrain,27,20,original_h20,False,600,30,20.0,21.37003347836435,17.477319980971515,2.5118193244561553,5d4257fdfdbe4507721cf729208510a99f69b275b92c03744dc4289b70fee5d2,50,10,egl,20,/home/enmingzz/project/vla/frequency_vla/results/robocasa365_fixed10_500_retry1/h20/videos/original_h20/TurnOnSinkFaucet/episode_003.mp4,/home/enmingzz/project/vla/frequency_vla/results/robocasa365_fixed10_500_retry1/paired_episodes,cf1e315128c91094b25706f0ee7f2aea696e29b6c609af861429819abed5f6a3
9,TurnOnSinkFaucet,4,270090004,False,fa16a3918b31d7db8df45e8b7f43def53f60349f02e986855c2a649aa62cc17d,74363fe56833b41a8c98737f75b71148b7a9e69ae219a80fbeef60c669086c2e,1d5e1d290e71446a35fc1e7c65307e4ff054ccbef9ac9bbc0dcd7f29faf0ac46,ccdc93cb5ea7db3493ed3b1a3cc5728efa9d2866027377ef060fa5686fa74b45,600,Turn on the sink faucet.,robocasa365_fixed10,pretrain,27,20,original_h20,True,474,24,19.75,19.881527265533805,10.222731369547546,1.654873269610107,5d4257fdfdbe4507721cf729208510a99f69b275b92c03744dc4289b70fee5d2,50,10,egl,20,/home/enmingzz/project/vla/frequency_vla/results/robocasa365_fixed10_500_retry1/h20/videos/original_h20/TurnOnSinkFaucet/episode_004.mp4,/home/enmingzz/project/vla/frequency_vla/results/robocasa365_fixed10_500_retry1/paired_episodes,cf1e315128c91094b25706f0ee7f2aea696e29b6c609af861429819abed5f6a3
9,TurnOnSinkFaucet,5,270090005,False,420eec510a62963b905e13aca5d293c3a63e48ac9697a5e3624de20dfee1fe87,bff5b4f2ecbe088af3f6317ac2b3830e298484bd51d826b46be84a05c3e78187,d166d0cb41dd95da173ac48e781e711298f4aead50b4c90c3f35ca0fd5ea79ba,4e7db0a8cd7dcce57659662b8b2911d4f3e416220fd234f7c67bbbec60480c5b,600,Turn on the sink faucet.,robocasa365_fixed10,pretrain,27,20,original_h20,False,600,30,20.0,20.038261679001153,9.544771442189813,1.9993849704042077,5d4257fdfdbe4507721cf729208510a99f69b275b92c03744dc4289b70fee5d2,50,10,egl,20,/home/enmingzz/project/vla/frequency_vla/results/robocasa365_fixed10_500_retry1/h20/videos/original_h20/TurnOnSinkFaucet/episode_005.mp4,/home/enmingzz/project/vla/frequency_vla/results/robocasa365_fixed10_500_retry1/paired_episodes,cf1e315128c91094b25706f0ee7f2aea696e29b6c609af861429819abed5f6a3
9,TurnOnSinkFaucet,6,270090006,False,82da298127bd365013aba6ee70fd805a64718b7b65cf6bee7640f63e43e3e4d8,c222bbc32affc0eab9b9d5146fdd5d7825dd57b82d49166bdf511e6f51f93807,4530a48bcd8ae67b8054ee4f224047df54e96aa021f178677ee1649c00af8f85,2341b99b94864d823ee0c1edea81a123d200a8726579d38e3d2d22e0477fdd55,600,Turn on the sink faucet.,robocasa365_fixed10,pretrain,27,20,original_h20,True,342,18,19.0,12.252742672339082,8.968374407850206,1.2076473915949464,5d4257fdfdbe4507721cf729208510a99f69b275b92c03744dc4289b70fee5d2,50,10,egl,20,/home/enmingzz/project/vla/frequency_vla/results/robocasa365_fixed10_500_retry1/h20/videos/original_h20/TurnOnSinkFaucet/episode_006.mp4,/home/enmingzz/project/vla/frequency_vla/results/robocasa365_fixed10_500_retry1/paired_episodes,cf1e315128c91094b25706f0ee7f2aea696e29b6c609af861429819abed5f6a3
9,TurnOnSinkFaucet,7,270090007,False,25a8761ef29735fcd3020187ecf843679189444e6436ae4722fb96e848cbfb7a,4e4ecedec1c784ac77827045ce5eb37e9521d5d3d78d4919734fdfcf27bd351e,2429e8d6b1f55ee6d13e2cba9c4edced1e1446ffa5be9a170230ef78525bbf57,7668a0221eeed2e986969d268242b3ac9cad78e4f344eea427c7395b8357fe0b,600,Turn on the sink faucet.,robocasa365_fixed10,pretrain,27,20,original_h20,False,600,30,20.0,23.351856810972095,19.796809741295874,1.815455506555736,5d4257fdfdbe4507721cf729208510a99f69b275b92c03744dc4289b70fee5d2,50,10,egl,20,/home/enmingzz/project/vla/frequency_vla/results/robocasa365_fixed10_500_retry1/h20/videos/original_h20/TurnOnSinkFaucet/episode_007.mp4,/home/enmingzz/project/vla/frequency_vla/results/robocasa365_fixed10_500_retry1/paired_episodes,cf1e315128c91094b25706f0ee7f2aea696e29b6c609af861429819abed5f6a3
9,TurnOnSinkFaucet,8,270090008,False,ac6a81a2320e0b4fb61e9fd0eec8f5e66993b4b36c3bde6b67b0cccd593d9aba,babcc0751498045cf11c8d51b81258c3090297b828287ab1ccbf3877fa8220e1,0c8d2f30a54eaa56b1947632c358cd6a0dabe037c621a4257506d2782060ecb9,e8e53397d8e382c8ebdba9963cb084df1bc3ec3a4a7e16ad058d73a5506cfac0,600,Turn on the sink faucet.,robocasa365_fixed10,pretrain,27,20,original_h20,False,600,30,20.0,18.055169995874166,10.957688603550196,1.8198436396196485,5d4257fdfdbe4507721cf729208510a99f69b275b92c03744dc4289b70fee5d2,50,10,egl,20,/home/enmingzz/project/vla/frequency_vla/results/robocasa365_fixed10_500_retry1/h20/videos/original_h20/TurnOnSinkFaucet/episode_008.mp4,/home/enmingzz/project/vla/frequency_vla/results/robocasa365_fixed10_500_retry1/paired_episodes,cf1e315128c91094b25706f0ee7f2aea696e29b6c609af861429819abed5f6a3
9,TurnOnSinkFaucet,9,270090009,False,b67d9d79d57d98268f711abbb5e9cc81ee5c50ac71e92da0c51e36c86d22554f,ed485770b5e0e5207c2db6eb1329930c414158b43704f96f1e8c9bc12925b8e9,04a2603f0d8a7ee9ff0aed4b14d878cbdd6a4671282f40cb6fddd8341253b24c,ff9a0b2c0529d2aa9cbca6cb7cd844f48c17e0948c47a33401242cc14db92f1a,600,Turn on the sink faucet.,robocasa365_fixed10,pretrain,27,20,original_h20,False,600,30,20.0,22.227699431590736,24.804474155418575,1.8036425858736038,5d4257fdfdbe4507721cf729208510a99f69b275b92c03744dc4289b70fee5d2,50,10,egl,20,/home/enmingzz/project/vla/frequency_vla/results/robocasa365_fixed10_500_retry1/h20/videos/original_h20/TurnOnSinkFaucet/episode_009.mp4,/home/enmingzz/project/vla/frequency_vla/results/robocasa365_fixed10_500_retry1/paired_episodes,cf1e315128c91094b25706f0ee7f2aea696e29b6c609af861429819abed5f6a3
